i,j,dm32_no,precision,bf,log10_bf,sigma,rmse,rmse_sigma,frac_rmse,frac_sigma
0,0,2.200000,0.200000,-132416893230710010805223424.000000,-26.121943,-inf,125593170170608154990084096.000000,inf,0.948468,nan
0,1,2.200000,0.225806,-1041468327433895936000.000000,-21.017646,-inf,982538646340501504000.000000,inf,0.943417,nan
0,2,2.200000,0.251613,-215697958198163872.000000,-17.333846,-inf,203266806392055872.000000,inf,0.942368,nan
0,3,2.200000,0.277419,-318947406961036.062500,-14.503719,-7.886467,299338430014937.937500,7.877848,0.938520,0.998907
0,4,2.200000,0.303226,-1819279862669.205566,-12.259900,-7.212417,1690514484025.997070,7.202421,0.929222,0.998614
0,5,2.200000,0.329032,-29788104834.456982,-10.474043,-6.629992,27131504745.771843,6.616190,0.910817,0.997918
0,6,2.200000,0.354839,-1124069658.051225,-9.050793,-6.128050,987781728.299570,6.107448,0.878755,0.996638
0,7,2.200000,0.380645,-81931528.560084,-7.913451,-5.696833,67820163.435279,5.664506,0.827766,0.994325
0,8,2.200000,0.406452,-10097956.546816,-7.004233,-5.328495,7611536.840265,5.276911,0.753770,0.990319
0,9,2.200000,0.432258,-1903351.381470,-6.279519,-5.016801,1255363.849419,4.936203,0.659554,0.983934
0,10,2.200000,0.458065,-504434.261968,-5.702805,-4.755209,281910.316902,4.636288,0.558864,0.974992
0,11,2.200000,0.483871,-174238.801720,-5.241145,-4.535776,81532.821433,4.372826,0.467937,0.964075
0,12,2.200000,0.509677,-73638.845804,-4.867107,-4.350551,28948.348490,4.141242,0.393112,0.951889
0,13,2.200000,0.535484,-36358.597492,-4.560607,-4.193213,12093.199279,3.936484,0.332609,0.938775
0,14,2.200000,0.561290,-20283.857591,-4.307151,-4.058931,5782.596896,3.755635,0.285084,0.925277
0,15,2.200000,0.587097,-12449.268984,-4.095144,-3.943445,3130.130968,3.599057,0.251431,0.912668
0,16,2.200000,0.612903,-8217.642568,-3.914747,-3.842727,1897.553609,3.466788,0.230912,0.902169
0,17,2.200000,0.638710,-5729.011603,-3.758080,-3.753303,1255.201044,3.354164,0.219096,0.893657
0,18,2.200000,0.664516,-4164.557920,-3.619569,-3.672633,876.388541,3.253545,0.210440,0.885889
0,19,2.200000,0.690323,-3131.332811,-3.495729,-3.599157,630.320249,3.158840,0.201295,0.877661
0,20,2.200000,0.716129,-2423.726338,-3.384484,-3.532007,461.386492,3.066930,0.190362,0.868325
0,21,2.200000,0.741935,-1925.173242,-3.284470,-3.470669,342.210575,2.976703,0.177756,0.857674
0,22,2.200000,0.767742,-1565.273173,-3.194590,-3.414728,256.851259,2.887902,0.164094,0.845720
0,23,2.200000,0.793548,-1299.595252,-3.113808,-3.363762,194.972302,2.800474,0.150025,0.832542
0,24,2.200000,0.819355,-1099.245818,-3.041095,-3.317310,149.575751,2.714321,0.136071,0.818230
0,25,2.200000,0.845161,-945.011075,-2.975437,-3.274880,115.871605,2.629288,0.122614,0.802865
0,26,2.200000,0.870968,-823.871020,-2.915859,-3.235968,90.575083,2.545248,0.109938,0.786549
0,27,2.200000,0.896774,-726.850036,-2.861445,-3.200077,71.424784,2.462235,0.098266,0.769430
0,28,2.200000,0.922581,-647.662590,-2.811349,-3.166730,56.845411,2.380536,0.087770,0.751733
0,29,2.200000,0.948387,-581.845995,-2.764808,-3.135482,45.713826,2.300729,0.078567,0.733772
0,30,2.200000,0.974194,-526.196076,-2.721148,-3.105928,37.201196,2.223573,0.070698,0.715913
0,31,2.200000,1.000000,-478.392727,-2.679785,-3.077711,30.672354,2.149772,0.064115,0.698497
1,0,2.212903,0.200000,-933777323607663.625000,-14.970243,-8.014016,876765673538663.000000,8.014016,0.938945,1.000000
1,1,2.212903,0.225806,-1679745144462.390625,-12.225243,-7.201554,1571589516690.920410,7.192476,0.935612,0.998739
1,2,2.212903,0.251613,-13204069537.439074,-10.120708,-6.508838,12200657887.482391,6.496954,0.924007,0.998174
1,3,2.212903,0.277419,-310561399.616085,-8.492147,-5.919971,278835045.510670,5.902223,0.897842,0.997002
1,4,2.212903,0.303226,-17504512.992274,-7.243150,-5.427565,14865916.856137,5.398320,0.849262,0.994612
1,5,2.212903,0.329032,-1951002.411472,-6.290258,-5.021552,1502473.993549,4.971150,0.770104,0.989963
1,6,2.212903,0.354839,-370971.548268,-5.569341,-4.692746,245117.437257,4.607282,0.660745,0.981788
1,7,2.212903,0.380645,-106588.950654,-5.027712,-4.430953,57802.055197,4.297159,0.542289,0.969805
1,8,2.212903,0.406452,-41384.421624,-4.616837,-4.222478,18270.276624,4.034448,0.441477,0.955469
1,9,2.212903,0.432258,-19848.194911,-4.297721,-4.053858,7228.529875,3.811150,0.364191,0.940129
1,10,2.212903,0.458065,-11087.892379,-4.044849,-3.915598,3386.062620,3.619440,0.305384,0.924365
1,11,2.212903,0.483871,-6935.049844,-3.841050,-3.800895,1834.669118,3.457723,0.264550,0.909713
1,12,2.212903,0.509677,-4707.518598,-3.672792,-3.703815,1134.282384,3.326057,0.240951,0.898008
1,13,2.212903,0.535484,-3385.722045,-3.529651,-3.619414,771.956793,3.217366,0.228004,0.888919
1,14,2.212903,0.561290,-2539.764038,-3.404793,-3.544350,553.162271,3.120650,0.217801,0.880458
1,15,2.212903,0.587097,-1969.688447,-3.294398,-3.476800,405.752712,3.028403,0.205998,0.871032
1,16,2.212903,0.612903,-1571.805233,-3.196399,-3.415861,301.323615,2.937593,0.191705,0.859986
1,17,2.212903,0.638710,-1286.585466,-3.109439,-3.360986,225.966002,2.847533,0.175632,0.847232
1,18,2.212903,0.664516,-1077.270668,-3.032325,-3.311669,171.100009,2.758284,0.158827,0.832898
1,19,2.212903,0.690323,-920.154861,-2.963861,-3.267350,130.825100,2.669970,0.142177,0.817167
1,20,2.212903,0.716129,-799.548369,-2.902845,-3.227414,100.998161,2.582663,0.126319,0.800227
1,21,2.212903,0.741935,-704.873701,-2.848111,-3.191230,78.728783,2.496501,0.111692,0.782301
1,22,2.212903,0.767742,-628.886660,-2.798572,-3.158178,62.009461,2.411877,0.098602,0.763693
1,23,2.212903,0.793548,-566.555458,-2.753242,-3.127676,49.431747,2.329572,0.087250,0.744825
1,24,2.212903,0.819355,-514.343506,-2.711253,-3.099198,39.976842,2.250708,0.077724,0.726223
1,25,2.212903,0.845161,-469.743576,-2.671861,-3.072281,32.872646,2.176440,0.069980,0.708412
1,26,2.212903,0.870968,-430.968809,-2.634446,-3.046532,27.508856,2.107470,0.063830,0.691761
1,27,2.212903,0.896774,-396.741993,-2.598508,-3.021628,23.397625,2.043655,0.058974,0.676342
1,28,2.212903,0.922581,-366.147632,-2.563656,-2.997314,20.160583,1.983984,0.055061,0.661920
1,29,2.212903,0.948387,-338.525860,-2.529592,-2.973392,17.521832,1.926914,0.051759,0.648053
1,30,2.212903,0.974194,-313.395852,-2.496093,-2.949712,15.294853,1.870827,0.048804,0.634241
1,31,2.212903,1.000000,-290.401000,-2.462998,-2.926164,13.362637,1.814342,0.046014,0.620041
2,0,2.225806,0.200000,-25755105.579526,-7.410863,-5.496104,23753823.207706,5.481815,0.922296,0.997400
2,1,2.225806,0.225806,-1291187.770005,-6.110989,-4.941691,1139961.991960,4.917353,0.882879,0.995075
2,2,2.225806,0.251613,-150672.257393,-5.178033,-4.505013,119596.999407,4.455717,0.793756,0.989057
2,3,2.225806,0.277419,-34461.916218,-4.537339,-4.181049,22112.967802,4.079049,0.641664,0.975604
2,4,2.225806,0.303226,-12968.580585,-4.112892,-3.953229,6197.303818,3.772941,0.477871,0.954395
2,5,2.225806,0.329032,-6655.349157,-3.823171,-3.790685,2411.948972,3.530720,0.362408,0.931420
2,6,2.225806,0.354839,-4082.015172,-3.610875,-3.667517,1219.109039,3.346090,0.298654,0.912358
2,7,2.225806,0.380645,-2789.990369,-3.445603,-3.569037,751.617516,3.209709,0.269398,0.899321
2,8,2.225806,0.406452,-2044.680610,-3.310625,-3.486801,520.286953,3.102594,0.254459,0.889811
2,9,2.225806,0.432258,-1573.171524,-3.196776,-3.416098,377.875896,3.006886,0.240200,0.880211
2,10,2.225806,0.458065,-1256.818113,-3.099272,-3.354520,279.164869,2.913910,0.222120,0.868652
2,11,2.225806,0.483871,-1036.095832,-3.015400,-3.300761,207.908944,2.821043,0.200666,0.854665
2,12,2.225806,0.509677,-877.373733,-2.943185,-3.253864,155.944929,2.728015,0.177741,0.838393
2,13,2.225806,0.535484,-760.059276,-2.880847,-3.212914,117.942155,2.635253,0.155175,0.820207
2,14,2.225806,0.561290,-670.933293,-2.826679,-3.176966,90.103352,2.543445,0.134296,0.800589
2,15,2.225806,0.587097,-601.278000,-2.779075,-3.145089,69.708520,2.453622,0.115934,0.780144
2,16,2.225806,0.612903,-545.249006,-2.736595,-3.116411,54.814757,2.367341,0.100532,0.759637
2,17,2.225806,0.638710,-498.886791,-2.698002,-3.090165,44.006677,2.286604,0.088210,0.739962
2,18,2.225806,0.664516,-459.492398,-2.662278,-3.065703,36.205475,2.213288,0.078795,0.721951
2,19,2.225806,0.690323,-425.221763,-2.628615,-3.042503,30.552614,2.148260,0.071851,0.706083
2,20,2.225806,0.716129,-394.815009,-2.596394,-3.020157,26.363843,2.090816,0.066775,0.692287
2,21,2.225806,0.741935,-367.411366,-2.565153,-2.998361,23.121936,2.038940,0.062932,0.680018
2,22,2.225806,0.767742,-342.420674,-2.534560,-2.976890,20.469502,1.990120,0.059779,0.668523
2,23,2.225806,0.793548,-319.433947,-2.504381,-2.955585,18.184145,1.942089,0.056926,0.657091
2,24,2.225806,0.819355,-298.161850,-2.474452,-2.934331,16.141855,1.893159,0.054138,0.645176
2,25,2.225806,0.845161,-278.393289,-2.444659,-2.913049,14.281177,1.842240,0.051299,0.632410
2,26,2.225806,0.870968,-259.968322,-2.414920,-2.891680,12.575565,1.788709,0.048373,0.618571
2,27,2.225806,0.896774,-242.760905,-2.385179,-2.870180,11.015226,1.732257,0.045375,0.603536
2,28,2.225806,0.922581,-226.668152,-2.355391,-2.848516,9.596599,1.672784,0.042338,0.587247
2,29,2.225806,0.948387,-211.603685,-2.325523,-2.826662,8.317022,1.610309,0.039305,0.569686
2,30,2.225806,0.974194,-197.493444,-2.295553,-2.804597,7.172473,1.544935,0.036318,0.550858
2,31,2.225806,1.000000,-184.272939,-2.265462,-2.782304,6.156989,1.476821,0.033412,0.530791
3,0,2.238710,0.200000,-2066.328425,-3.315199,-3.489615,679.451726,3.180618,0.328821,0.911452
3,1,2.238710,0.225806,-1375.059484,-3.138321,-3.379298,402.238047,3.025780,0.292524,0.895387
3,2,2.238710,0.251613,-1036.561406,-3.015595,-3.300887,276.711352,2.911163,0.266951,0.881934
3,3,2.238710,0.277419,-846.757177,-2.927759,-3.243772,203.412954,2.814057,0.240226,0.867526
3,4,2.238710,0.303226,-728.018712,-2.862143,-3.200539,154.911579,2.725836,0.212785,0.851680
3,5,2.238710,0.329032,-646.330234,-2.810454,-3.166132,120.669281,2.642938,0.186699,0.834753
3,6,2.238710,0.354839,-585.455993,-2.767494,-3.137293,95.874099,2.564829,0.163760,0.817529
3,7,2.238710,0.380645,-537.134135,-2.730083,-3.111996,77.829020,2.492473,0.144897,0.800924
3,8,2.238710,0.406452,-496.914496,-2.696282,-3.088991,64.607451,2.426573,0.130017,0.785555
3,9,2.238710,0.432258,-462.288251,-2.664913,-3.067513,54.721281,2.366721,0.118370,0.771544
3,10,2.238710,0.458065,-431.777615,-2.635260,-3.047094,47.088926,2.311689,0.109058,0.758654
3,11,2.238710,0.483871,-404.456559,-2.606872,-3.027439,40.984458,2.260047,0.101332,0.746521
3,12,2.238710,0.509677,-379.697144,-2.579437,-3.008344,35.941829,2.210513,0.094659,0.734794
3,13,2.238710,0.535484,-357.042013,-2.552719,-2.989650,31.663740,2.162041,0.088684,0.723175
3,14,2.238710,0.561290,-336.142664,-2.526524,-2.971229,27.957930,2.113794,0.083173,0.711421
3,15,2.238710,0.587097,-316.728199,-2.500687,-2.952968,24.698022,2.065100,0.077979,0.699330
3,16,2.238710,0.612903,-298.586899,-2.475071,-2.934772,21.799917,2.015428,0.073010,0.686741
3,17,2.238710,0.638710,-281.553213,-2.449560,-2.916559,19.206939,1.964364,0.068218,0.673521
3,18,2.238710,0.664516,-265.497540,-2.424061,-2.898261,16.880025,1.911594,0.063579,0.659566
3,19,2.238710,0.690323,-250.318033,-2.398492,-2.879820,14.791069,1.856889,0.059089,0.644793
3,20,2.238710,0.716129,-235.934144,-2.372791,-2.861187,12.918487,1.800087,0.054755,0.629140
3,21,2.238710,0.741935,-222.281665,-2.346904,-2.842320,11.244394,1.741077,0.050586,0.612555
3,22,2.238710,0.767742,-209.309008,-2.320788,-2.823185,9.752931,1.679791,0.046596,0.594999
3,23,2.238710,0.793548,-196.974411,-2.294410,-2.803753,8.429373,1.616198,0.042794,0.576441
3,24,2.238710,0.819355,-185.243797,-2.267744,-2.784000,7.259718,1.550300,0.039190,0.556861
3,25,2.238710,0.845161,-174.089091,-2.240772,-2.763907,6.230534,1.482143,0.035789,0.536249
3,26,2.238710,0.870968,-163.486842,-2.213483,-2.743462,5.328942,1.411816,0.032596,0.514611
3,27,2.238710,0.896774,-153.417055,-2.185874,-2.722655,4.542649,1.339466,0.029610,0.491970
3,28,2.238710,0.922581,-143.862206,-2.157947,-2.701482,3.859984,1.265305,0.026831,0.468374
3,29,2.238710,0.948387,-134.806410,-2.129711,-2.679945,3.269942,1.189621,0.024257,0.443898
3,30,2.238710,0.974194,-126.234728,-2.101179,-2.658047,2.762213,1.112784,0.021882,0.418647
3,31,2.238710,1.000000,-118.132629,-2.072370,-2.635796,2.327211,1.035250,0.019700,0.392766
4,0,2.251613,0.200000,-497.415182,-2.696719,-3.089289,166.926299,2.750249,0.335587,0.890253
4,1,2.251613,0.225806,-421.441764,-2.624738,-3.039821,107.809859,2.604891,0.255812,0.856923
4,2,2.251613,0.251613,-374.316336,-2.573239,-3.004015,75.386709,2.481276,0.201398,0.825987
4,3,2.251613,0.277419,-342.389401,-2.534520,-2.976863,56.366108,2.377469,0.164626,0.798649
4,4,2.251613,0.303226,-318.952942,-2.503727,-2.955121,44.388211,2.289813,0.139169,0.774863
4,5,2.251613,0.329032,-300.544665,-2.477909,-2.936793,36.338876,2.214684,0.120910,0.754117
4,6,2.251613,0.354839,-285.243259,-2.455215,-2.920604,30.601494,2.148878,0.107282,0.735765
4,7,2.251613,0.380645,-271.914385,-2.434432,-2.905715,26.286825,2.089667,0.096673,0.719158
4,8,2.251613,0.406452,-259.860487,-2.414740,-2.891550,22.882517,2.034794,0.088057,0.703703
4,9,2.251613,0.432258,-248.645328,-2.395580,-2.877714,20.083541,1.982437,0.080772,0.688893
4,10,2.251613,0.458065,-237.997498,-2.376572,-2.863935,17.704712,1.931167,0.074390,0.674305
4,11,2.251613,0.483871,-227.752052,-2.357462,-2.850027,15.632715,1.879894,0.068639,0.659606
4,12,2.251613,0.509677,-217.812612,-2.338083,-2.835869,13.798114,1.827823,0.063349,0.644537
4,13,2.251613,0.535484,-208.126044,-2.318326,-2.821376,12.158102,1.774389,0.058417,0.628909
4,14,2.251613,0.561290,-198.665678,-2.298123,-2.806495,10.685588,1.719214,0.053787,0.612584
4,15,2.251613,0.587097,-189.420561,-2.277427,-2.791186,9.362360,1.662048,0.049426,0.595463
4,16,2.251613,0.612903,-180.388870,-2.256210,-2.775422,8.174988,1.602740,0.045319,0.577476
4,17,2.251613,0.638710,-171.574047,-2.234452,-2.759183,7.112516,1.541207,0.041454,0.558574
4,18,2.251613,0.664516,-162.982607,-2.212141,-2.742454,6.165257,1.477423,0.037828,0.538723
4,19,2.251613,0.690323,-154.622864,-2.189274,-2.725224,5.324208,1.411414,0.034434,0.517908
4,20,2.251613,0.716129,-146.504137,-2.165850,-2.707487,4.580784,1.343265,0.031267,0.496130
4,21,2.251613,0.741935,-138.636149,-2.141876,-2.689241,3.926724,1.273122,0.028324,0.473413
4,22,2.251613,0.767742,-131.028519,-2.117366,-2.670487,3.354056,1.201207,0.025598,0.449808
4,23,2.251613,0.793548,-123.690275,-2.092336,-2.651232,2.855112,1.127820,0.023083,0.425395
4,24,2.251613,0.819355,-116.629427,-2.066808,-2.631485,2.422542,1.053350,0.020771,0.400287
4,25,2.251613,0.845161,-109.852592,-2.040810,-2.611258,2.049354,0.978275,0.018655,0.374638
4,26,2.251613,0.870968,-103.364713,-2.014372,-2.590568,1.728940,0.903157,0.016727,0.348633
4,27,2.251613,0.896774,-97.168870,-1.987527,-2.569432,1.455113,0.828631,0.014975,0.322496
4,28,2.251613,0.922581,-91.266192,-1.960310,-2.547873,1.222131,0.755384,0.013391,0.296477
4,29,2.251613,0.948387,-85.655856,-1.932757,-2.525910,1.024727,0.684129,0.011963,0.270844
4,30,2.251613,0.974194,-80.335170,-1.904906,-2.503568,0.858109,0.615565,0.010682,0.245875
4,31,2.251613,1.000000,-75.299708,-1.876793,-2.480870,0.717974,0.550347,0.009535,0.221836
5,0,2.264516,0.200000,-181.092369,-2.257900,-2.776680,10.026870,1.691782,0.055369,0.609282
5,1,2.264516,0.225806,-180.424838,-2.256296,-2.775486,9.911939,1.686795,0.054937,0.607748
5,2,2.264516,0.251613,-178.773852,-2.252304,-2.772512,9.762987,1.680238,0.054611,0.606035
5,3,2.264516,0.277419,-176.193493,-2.245990,-2.767803,9.477890,1.667379,0.053793,0.602420
5,4,2.264516,0.303226,-172.836645,-2.237636,-2.761564,9.051082,1.647323,0.052368,0.596518
5,5,2.264516,0.329032,-168.878424,-2.227574,-2.754034,8.513243,1.620539,0.050410,0.588424
5,6,2.264516,0.354839,-164.471961,-2.216092,-2.745422,7.901654,1.587769,0.048043,0.578333
5,7,2.264516,0.380645,-159.735068,-2.203400,-2.735878,7.249208,1.549657,0.045383,0.566421
5,8,2.264516,0.406452,-154.754249,-2.189643,-2.725502,6.582255,1.506703,0.042534,0.552816
5,9,2.264516,0.432258,-149.593592,-2.174913,-2.714360,5.921302,1.459304,0.039583,0.537623
5,10,2.264516,0.458065,-144.302475,-2.159274,-2.702491,5.282004,1.407818,0.036604,0.520933
5,11,2.264516,0.483871,-138.920765,-2.142767,-2.689921,4.675863,1.352596,0.033658,0.502839
5,12,2.264516,0.509677,-133.482115,-2.125423,-2.676663,4.110744,1.293998,0.030796,0.483437
5,13,2.264516,0.535484,-128.016111,-2.107265,-2.662729,3.591374,1.232400,0.028054,0.462833
5,14,2.264516,0.561290,-122.549708,-2.088312,-2.648127,3.119888,1.168203,0.025458,0.441143
5,15,2.264516,0.587097,-117.108107,-2.068587,-2.632864,2.696409,1.101836,0.023025,0.418493
5,16,2.264516,0.612903,-111.715184,-2.048112,-2.616951,2.319578,1.033771,0.020763,0.395029
5,17,2.264516,0.638710,-106.393544,-2.026915,-2.600399,1.987022,0.964527,0.018676,0.370915
5,18,2.264516,0.664516,-101.164343,-2.005027,-2.583225,1.695725,0.894681,0.016762,0.346343
5,19,2.264516,0.690323,-96.047003,-1.982484,-2.565447,1.442305,0.824863,0.015017,0.321528
5,20,2.264516,0.716129,-91.058909,-1.959322,-2.547088,1.223219,0.755752,0.013433,0.296712
5,21,2.264516,0.741935,-86.215179,-1.935584,-2.528170,1.034913,0.688050,0.012004,0.272153
5,22,2.264516,0.767742,-81.528518,-1.911310,-2.508718,0.873922,0.622459,0.010719,0.248118
5,23,2.264516,0.793548,-77.009179,-1.886542,-2.488758,0.736948,0.559644,0.009570,0.224869
5,24,2.264516,0.819355,-72.665007,-1.861325,-2.468318,0.620914,0.500198,0.008545,0.202647
5,25,2.264516,0.845161,-68.501560,-1.835700,-2.447424,0.522994,0.444610,0.007635,0.181665
5,26,2.264516,0.870968,-64.522274,-1.809710,-2.426102,0.440635,0.393245,0.006829,0.162089
5,27,2.264516,0.896774,-60.728667,-1.783394,-2.404380,0.371564,0.346330,0.006118,0.144041
5,28,2.264516,0.922581,-57.120555,-1.756792,-2.382284,0.313778,0.303953,0.005493,0.127589
5,29,2.264516,0.948387,-53.696271,-1.729944,-2.359841,0.265535,0.266077,0.004945,0.112752
5,30,2.264516,0.974194,-50.452886,-1.702886,-2.337076,0.225328,0.232554,0.004466,0.099506
5,31,2.264516,1.000000,-47.386417,-1.675654,-2.314014,0.191865,0.203146,0.004049,0.087789
6,0,2.277419,0.200000,-117.242787,-2.069086,-2.633251,4.834036,1.367694,0.041231,0.519394
6,1,2.277419,0.225806,-114.977632,-2.060613,-2.626675,4.326251,1.317267,0.037627,0.501496
6,2,2.277419,0.251613,-112.539309,-2.051304,-2.619436,3.823646,1.260991,0.033976,0.481398
6,3,2.277419,0.277419,-109.921646,-2.041083,-2.611471,3.341645,1.199516,0.030400,0.459326
6,4,2.277419,0.303226,-107.142083,-2.029960,-2.602781,2.893852,1.133951,0.027009,0.435669
6,5,2.277419,0.329032,-104.222915,-2.017963,-2.593385,2.489404,1.065650,0.023885,0.410911
6,6,2.277419,0.354839,-101.183750,-2.005111,-2.583290,2.132239,0.995979,0.021073,0.385547
6,7,2.277419,0.380645,-98.040791,-1.991407,-2.572495,1.821961,0.926159,0.018584,0.360024
6,8,2.277419,0.406452,-94.808791,-1.976849,-2.560989,1.555294,0.857182,0.016405,0.334707
6,9,2.277419,0.432258,-91.503026,-1.961435,-2.548767,1.327468,0.789788,0.014507,0.309871
6,10,2.277419,0.458065,-88.140285,-1.945174,-2.535825,1.133267,0.724491,0.012858,0.285702
6,11,2.277419,0.483871,-84.738848,-1.928083,-2.522170,0.967719,0.661639,0.011420,0.262329
6,12,2.277419,0.509677,-81.317863,-1.910186,-2.507815,0.826461,0.601500,0.010163,0.239850
6,13,2.277419,0.535484,-77.896508,-1.891518,-2.492777,0.705846,0.544323,0.009061,0.218360
6,14,2.277419,0.561290,-74.493226,-1.872117,-2.477080,0.602888,0.490368,0.008093,0.197962
6,15,2.277419,0.587097,-71.125149,-1.852023,-2.460748,0.515132,0.439901,0.007243,0.178767
6,16,2.277419,0.612903,-67.807733,-1.831279,-2.443806,0.440508,0.393162,0.006496,0.160881
6,17,2.277419,0.638710,-64.554576,-1.809927,-2.426281,0.377223,0.350319,0.005843,0.144385
6,18,2.277419,0.664516,-61.377368,-1.788008,-2.408199,0.323689,0.311442,0.005274,0.129326
6,19,2.277419,0.690323,-58.285938,-1.765564,-2.389585,0.278490,0.276489,0.004778,0.115706
6,20,2.277419,0.716129,-55.288345,-1.742634,-2.370466,0.240367,0.245314,0.004348,0.103488
6,21,2.277419,0.741935,-52.391001,-1.719257,-2.350867,0.208218,0.217697,0.003974,0.092603
6,22,2.277419,0.767742,-49.598809,-1.695471,-2.330811,0.181094,0.193365,0.003651,0.082961
6,23,2.277419,0.793548,-46.915302,-1.671315,-2.310325,0.158187,0.172025,0.003372,0.074459
6,24,2.277419,0.819355,-44.342779,-1.646823,-2.289433,0.138819,0.153375,0.003131,0.066993
6,25,2.277419,0.845161,-41.882441,-1.622032,-2.268158,0.122419,0.137124,0.002923,0.060456
6,26,2.277419,0.870968,-39.534523,-1.596977,-2.246526,0.108508,0.122992,0.002745,0.054748
6,27,2.277419,0.896774,-37.298409,-1.571690,-2.224561,0.096680,0.110714,0.002592,0.049769
6,28,2.277419,0.922581,-35.172757,-1.546206,-2.202286,0.086590,0.100042,0.002462,0.045427
6,29,2.277419,0.948387,-33.155602,-1.520557,-2.179726,0.077945,0.090750,0.002351,0.041634
6,30,2.277419,0.974194,-31.244460,-1.494773,-2.156905,0.070498,0.082631,0.002256,0.038310
6,31,2.277419,1.000000,-29.436421,-1.468885,-2.133846,0.064040,0.075503,0.002176,0.035384
7,0,2.290323,0.200000,-69.112097,-1.839554,-2.450574,0.952137,0.655324,0.013777,0.267417
7,1,2.290323,0.225806,-67.717063,-1.830698,-2.443330,0.840263,0.607679,0.012408,0.248709
7,2,2.290323,0.251613,-66.214804,-1.820955,-2.435343,0.731363,0.556924,0.011045,0.228684
7,3,2.290323,0.277419,-64.607172,-1.810281,-2.426572,0.629855,0.505011,0.009749,0.208117
7,4,2.290323,0.303226,-62.903271,-1.798673,-2.417009,0.538365,0.453706,0.008559,0.187714
7,5,2.290323,0.329032,-61.116775,-1.786160,-2.406670,0.458047,0.404495,0.007495,0.168072
7,6,2.290323,0.354839,-59.263012,-1.772784,-2.395584,0.389066,0.358581,0.006565,0.149684
7,7,2.290323,0.380645,-57.357081,-1.758587,-2.383779,0.330918,0.316845,0.005769,0.132917
7,8,2.290323,0.406452,-55.412996,-1.743612,-2.371284,0.282659,0.279801,0.005101,0.117996
7,9,2.290323,0.432258,-53.443474,-1.727895,-2.358122,0.243078,0.247586,0.004548,0.104993
7,10,2.290323,0.458065,-51.460008,-1.711470,-2.344314,0.210845,0.220002,0.004097,0.093845
7,11,2.290323,0.483871,-49.473016,-1.694368,-2.329879,0.184638,0.196601,0.003732,0.084382
7,12,2.290323,0.509677,-47.491973,-1.676620,-2.314835,0.163228,0.176786,0.003437,0.076371
7,13,2.290323,0.535484,-45.525499,-1.658255,-2.299200,0.145550,0.159922,0.003197,0.069555
7,14,2.290323,0.561290,-43.581412,-1.639301,-2.282991,0.130739,0.145422,0.003000,0.063698
7,15,2.290323,0.587097,-41.666764,-1.619790,-2.266228,0.118133,0.132804,0.002835,0.058602
7,16,2.290323,0.612903,-39.787850,-1.599750,-2.248928,0.107257,0.121704,0.002696,0.054117
7,17,2.290323,0.638710,-37.950228,-1.579214,-2.231111,0.097778,0.111864,0.002576,0.050138
7,18,2.290323,0.664516,-36.158724,-1.558213,-2.212798,0.089464,0.103102,0.002474,0.046593
7,19,2.290323,0.690323,-34.417443,-1.536779,-2.194010,0.082145,0.095282,0.002387,0.043428
7,20,2.290323,0.716129,-32.729796,-1.514943,-2.174770,0.075680,0.088293,0.002312,0.040599
7,21,2.290323,0.741935,-31.098524,-1.492740,-2.155099,0.069948,0.082028,0.002249,0.038062
7,22,2.290323,0.767742,-29.525730,-1.470201,-2.135022,0.064836,0.076387,0.002196,0.035778
7,23,2.290323,0.793548,-28.012923,-1.447358,-2.114561,0.060242,0.071273,0.002151,0.033706
7,24,2.290323,0.819355,-26.561061,-1.424245,-2.093741,0.056077,0.066600,0.002111,0.031809
7,25,2.290323,0.845161,-25.170600,-1.400894,-2.072586,0.052266,0.062293,0.002076,0.030055
7,26,2.290323,0.870968,-23.841544,-1.377334,-2.051121,0.048750,0.058292,0.002045,0.028419
7,27,2.290323,0.896774,-22.573495,-1.353599,-2.029371,0.045483,0.054552,0.002015,0.026881
7,28,2.290323,0.922581,-21.365704,-1.329717,-2.007360,0.042433,0.051039,0.001986,0.025426
7,29,2.290323,0.948387,-20.217115,-1.305719,-1.985114,0.039577,0.047733,0.001958,0.024045
7,30,2.290323,0.974194,-19.126417,-1.281634,-1.962658,0.036900,0.044617,0.001929,0.022733
7,31,2.290323,1.000000,-18.092079,-1.257488,-1.940016,0.034391,0.041681,0.001901,0.021485
8,0,2.303226,0.200000,-37.882299,-1.578436,-2.230434,0.134490,0.149127,0.003550,0.066860
8,1,2.303226,0.225806,-37.175786,-1.570260,-2.223314,0.113979,0.128589,0.003066,0.057837
8,2,2.303226,0.251613,-36.418895,-1.561327,-2.215519,0.101391,0.115634,0.002784,0.052193
8,3,2.303226,0.277419,-35.612554,-1.551603,-2.207015,0.094894,0.108839,0.002665,0.049315
8,4,2.303226,0.303226,-34.759263,-1.541071,-2.197780,0.092199,0.105998,0.002652,0.048229
8,5,2.303226,0.329032,-33.863073,-1.529726,-2.187807,0.091111,0.104847,0.002691,0.047923
8,6,2.303226,0.354839,-32.929199,-1.517581,-2.177100,0.090063,0.103737,0.002735,0.047649
8,7,2.303226,0.380645,-31.963528,-1.504655,-2.165668,0.088245,0.101806,0.002761,0.047009
8,8,2.303226,0.406452,-30.972211,-1.490972,-2.153529,0.085432,0.098806,0.002758,0.045881
8,9,2.303226,0.432258,-29.961399,-1.476562,-2.140699,0.081756,0.094864,0.002729,0.044315
8,10,2.303226,0.458065,-28.937079,-1.461455,-2.127201,0.077509,0.090278,0.002679,0.042440
8,11,2.303226,0.483871,-27.904979,-1.445682,-2.113054,0.073010,0.085382,0.002616,0.040407
8,12,2.303226,0.509677,-26.870503,-1.429276,-2.098282,0.068528,0.080466,0.002550,0.038348
8,13,2.303226,0.535484,-25.838687,-1.412270,-2.082908,0.064247,0.075733,0.002486,0.036359
8,14,2.303226,0.561290,-24.814163,-1.394700,-2.066955,0.060263,0.071296,0.002429,0.034493
8,15,2.303226,0.587097,-23.801140,-1.376598,-2.050448,0.056599,0.067186,0.002378,0.032767
8,16,2.303226,0.612903,-22.803388,-1.357999,-2.033413,0.053227,0.063381,0.002334,0.031170
8,17,2.303226,0.638710,-21.824240,-1.338939,-2.015875,0.050102,0.059833,0.002296,0.029681
8,18,2.303226,0.664516,-20.866594,-1.319452,-1.997860,0.047172,0.056488,0.002261,0.028274
8,19,2.303226,0.690323,-19.932923,-1.299571,-1.979394,0.044396,0.053302,0.002227,0.026929
8,20,2.303226,0.716129,-19.025301,-1.279332,-1.960505,0.041745,0.050245,0.002194,0.025628
8,21,2.303226,0.741935,-18.145414,-1.258767,-1.941218,0.039203,0.047298,0.002160,0.024365
8,22,2.303226,0.767742,-17.294593,-1.237910,-1.921561,0.036763,0.044456,0.002126,0.023135
8,23,2.303226,0.793548,-16.473836,-1.216795,-1.901562,0.034424,0.041721,0.002090,0.021940
8,24,2.303226,0.819355,-15.683837,-1.195452,-1.881248,0.032191,0.039097,0.002052,0.020782
8,25,2.303226,0.845161,-14.925012,-1.173915,-1.860645,0.030067,0.036591,0.002015,0.019666
8,26,2.303226,0.870968,-14.197530,-1.152213,-1.839783,0.028057,0.034211,0.001976,0.018595
8,27,2.303226,0.896774,-13.501336,-1.130377,-1.818687,0.026164,0.031961,0.001938,0.017574
8,28,2.303226,0.922581,-12.836181,-1.108436,-1.797387,0.024389,0.029843,0.001900,0.016604
8,29,2.303226,0.948387,-12.201644,-1.086418,-1.775908,0.022731,0.027860,0.001863,0.015687
8,30,2.303226,0.974194,-11.597162,-1.064352,-1.754278,0.021189,0.026008,0.001827,0.014826
8,31,2.303226,1.000000,-11.022045,-1.042262,-1.732523,0.019759,0.024287,0.001793,0.014018
9,0,2.316129,0.200000,-20.493561,-1.311617,-1.990594,0.112408,0.126987,0.005485,0.063793
9,1,2.316129,0.225806,-20.136550,-1.303985,-1.983502,0.098875,0.113012,0.004910,0.056976
9,2,2.316129,0.251613,-19.753884,-1.295652,-1.975744,0.087494,0.101006,0.004429,0.051123
9,3,2.316129,0.277419,-19.346397,-1.286600,-1.967299,0.078088,0.090905,0.004036,0.046208
9,4,2.316129,0.303226,-18.915418,-1.276816,-1.958151,0.070388,0.082511,0.003721,0.042137
9,5,2.316129,0.329032,-18.462917,-1.266300,-1.948294,0.064110,0.075581,0.003472,0.038794
9,6,2.316129,0.354839,-17.991360,-1.255064,-1.937735,0.058973,0.069853,0.003278,0.036049
9,7,2.316129,0.380645,-17.503521,-1.243125,-1.926486,0.054705,0.065053,0.003125,0.033768
9,8,2.316129,0.406452,-17.002315,-1.230508,-1.914562,0.051062,0.060926,0.003003,0.031822
9,9,2.316129,0.432258,-16.490685,-1.217239,-1.901984,0.047845,0.057258,0.002901,0.030104
9,10,2.316129,0.458065,-15.971520,-1.203346,-1.888773,0.044905,0.053888,0.002812,0.028531
9,11,2.316129,0.483871,-15.447600,-1.188861,-1.874953,0.042150,0.050712,0.002729,0.027047
9,12,2.316129,0.509677,-14.921557,-1.173814,-1.860549,0.039526,0.047673,0.002649,0.025623
9,13,2.316129,0.535484,-14.395852,-1.158237,-1.845585,0.037010,0.044745,0.002571,0.024244
9,14,2.316129,0.561290,-13.872759,-1.142163,-1.830086,0.034599,0.041926,0.002494,0.022909
9,15,2.316129,0.587097,-13.354356,-1.125623,-1.814081,0.032297,0.039221,0.002418,0.021621
9,16,2.316129,0.612903,-12.842519,-1.108650,-1.797595,0.030109,0.036642,0.002345,0.020384
9,17,2.316129,0.638710,-12.338927,-1.091277,-1.780657,0.028044,0.034196,0.002273,0.019204
9,18,2.316129,0.664516,-11.845057,-1.073537,-1.763294,0.026105,0.031890,0.002204,0.018086
9,19,2.316129,0.690323,-11.362193,-1.055462,-1.745535,0.024292,0.029728,0.002138,0.017031
9,20,2.316129,0.716129,-10.891427,-1.037085,-1.727409,0.022606,0.027709,0.002076,0.016041
9,21,2.316129,0.741935,-10.433673,-1.018437,-1.708946,0.021041,0.025831,0.002017,0.015115
9,22,2.316129,0.767742,-9.989670,-0.999551,-1.690175,0.019595,0.024089,0.001962,0.014252
9,23,2.316129,0.793548,-9.559994,-0.980458,-1.671125,0.018261,0.022478,0.001910,0.013451
9,24,2.316129,0.819355,-9.145073,-0.961187,-1.651826,0.017032,0.020991,0.001862,0.012708
9,25,2.316129,0.845161,-8.745195,-0.941770,-1.632308,0.015903,0.019621,0.001818,0.012020
9,26,2.316129,0.870968,-8.360521,-0.922233,-1.612599,0.014866,0.018360,0.001778,0.011385
9,27,2.316129,0.896774,-7.991101,-0.902607,-1.592729,0.013914,0.017200,0.001741,0.010799
9,28,2.316129,0.922581,-7.636882,-0.882916,-1.572725,0.013041,0.016135,0.001708,0.010259
9,29,2.316129,0.948387,-7.297727,-0.863188,-1.552616,0.012240,0.015155,0.001677,0.009761
9,30,2.316129,0.974194,-6.973417,-0.843446,-1.532428,0.011504,0.014255,0.001650,0.009302
9,31,2.316129,1.000000,-6.663675,-0.823714,-1.512189,0.010828,0.013426,0.001625,0.008879
10,0,2.329032,0.200000,-10.770358,-1.032230,-1.722609,0.051450,0.061366,0.004777,0.035624
10,1,2.329032,0.225806,-10.604399,-1.025486,-1.715933,0.046448,0.055658,0.004380,0.032436
10,2,2.329032,0.251613,-10.425003,-1.018076,-1.708588,0.041927,0.050455,0.004022,0.029530
10,3,2.329032,0.277419,-10.232671,-1.009989,-1.700558,0.037866,0.045743,0.003701,0.026899
10,4,2.329032,0.303226,-10.028315,-1.001228,-1.691844,0.034239,0.041503,0.003414,0.024531
10,5,2.329032,0.329032,-9.813104,-0.991806,-1.682456,0.031017,0.037714,0.003161,0.022416
10,6,2.329032,0.354839,-9.588340,-0.981743,-1.672410,0.028175,0.034352,0.002939,0.020540
10,7,2.329032,0.380645,-9.355376,-0.971061,-1.661724,0.025683,0.031388,0.002745,0.018889
10,8,2.329032,0.406452,-9.115573,-0.959784,-1.650418,0.023505,0.028787,0.002579,0.017442
10,9,2.329032,0.432258,-8.870277,-0.947937,-1.638515,0.021605,0.026508,0.002436,0.016178
10,10,2.329032,0.458065,-8.620802,-0.935548,-1.626039,0.019942,0.024507,0.002313,0.015072
10,11,2.329032,0.483871,-8.368419,-0.922643,-1.613013,0.018479,0.022742,0.002208,0.014099
10,12,2.329032,0.509677,-8.114342,-0.909253,-1.599466,0.017183,0.021173,0.002118,0.013238
10,13,2.329032,0.535484,-7.859724,-0.895407,-1.585423,0.016025,0.019769,0.002039,0.012469
10,14,2.329032,0.561290,-7.605640,-0.881136,-1.570913,0.014983,0.018503,0.001970,0.011778
10,15,2.329032,0.587097,-7.353086,-0.866470,-1.555966,0.014039,0.017353,0.001909,0.011153
10,16,2.329032,0.612903,-7.102972,-0.851440,-1.540611,0.013179,0.016304,0.001855,0.010583
10,17,2.329032,0.638710,-6.856117,-0.836078,-1.524879,0.012393,0.015342,0.001808,0.010061
10,18,2.329032,0.664516,-6.613252,-0.820415,-1.508800,0.011671,0.014459,0.001765,0.009583
10,19,2.329032,0.690323,-6.375015,-0.804481,-1.492405,0.011008,0.013646,0.001727,0.009144
10,20,2.329032,0.716129,-6.141958,-0.788307,-1.475725,0.010396,0.012896,0.001693,0.008739
10,21,2.329032,0.741935,-5.914547,-0.771921,-1.458791,0.009833,0.012204,0.001662,0.008366
10,22,2.329032,0.767742,-5.693169,-0.755354,-1.441633,0.009312,0.011564,0.001636,0.008021
10,23,2.329032,0.793548,-5.478133,-0.738633,-1.424280,0.008831,0.010971,0.001612,0.007703
10,24,2.329032,0.819355,-5.269680,-0.721784,-1.406763,0.008385,0.010421,0.001591,0.007408
10,25,2.329032,0.845161,-5.067986,-0.704835,-1.389110,0.007970,0.009910,0.001573,0.007134
10,26,2.329032,0.870968,-4.873166,-0.687811,-1.371350,0.007585,0.009435,0.001556,0.006880
10,27,2.329032,0.896774,-4.685283,-0.670736,-1.353510,0.007226,0.008991,0.001542,0.006643
10,28,2.329032,0.922581,-4.504354,-0.653633,-1.335617,0.006890,0.008576,0.001530,0.006421
10,29,2.329032,0.948387,-4.330352,-0.636523,-1.317698,0.006575,0.008187,0.001518,0.006213
10,30,2.329032,0.974194,-4.163214,-0.619429,-1.299776,0.006281,0.007822,0.001509,0.006018
10,31,2.329032,1.000000,-4.002846,-0.602369,-1.281876,0.006003,0.007479,0.001500,0.005834
11,0,2.341935,0.200000,-5.497008,-0.740126,-1.425831,0.012234,0.015148,0.002226,0.010624
11,1,2.341935,0.225806,-5.426577,-0.734526,-1.420013,0.011865,0.014697,0.002186,0.010350
11,2,2.341935,0.251613,-5.349336,-0.728300,-1.413541,0.011442,0.014179,0.002139,0.010031
11,3,2.341935,0.277419,-5.265674,-0.721454,-1.406419,0.010965,0.013594,0.002082,0.009666
11,4,2.341935,0.303226,-5.176108,-0.714003,-1.398662,0.010456,0.012969,0.002020,0.009273
11,5,2.341935,0.329032,-5.081225,-0.705968,-1.390291,0.009938,0.012333,0.001956,0.008871
11,6,2.341935,0.354839,-4.981652,-0.697373,-1.381329,0.009430,0.011709,0.001893,0.008477
11,7,2.341935,0.380645,-4.878025,-0.688244,-1.371802,0.008946,0.011113,0.001834,0.008101
11,8,2.341935,0.406452,-4.770976,-0.678607,-1.361737,0.008492,0.010554,0.001780,0.007750
11,9,2.341935,0.432258,-4.661125,-0.668491,-1.351163,0.008072,0.010036,0.001732,0.007428
11,10,2.341935,0.458065,-4.549065,-0.657922,-1.340107,0.007686,0.009560,0.001690,0.007134
11,11,2.341935,0.483871,-4.435366,-0.646929,-1.328599,0.007333,0.009124,0.001653,0.006867
11,12,2.341935,0.509677,-4.320567,-0.635541,-1.316668,0.007009,0.008724,0.001622,0.006626
11,13,2.341935,0.535484,-4.205172,-0.623784,-1.304343,0.006712,0.008356,0.001596,0.006406
11,14,2.341935,0.561290,-4.089654,-0.611687,-1.291654,0.006438,0.008017,0.001574,0.006207
11,15,2.341935,0.587097,-3.974448,-0.599277,-1.278630,0.006184,0.007702,0.001556,0.006024
11,16,2.341935,0.612903,-3.859951,-0.586582,-1.265301,0.005946,0.007409,0.001541,0.005855
11,17,2.341935,0.638710,-3.746527,-0.573629,-1.251697,0.005724,0.007133,0.001528,0.005698
11,18,2.341935,0.664516,-3.634498,-0.560444,-1.237846,0.005513,0.006872,0.001517,0.005552
11,19,2.341935,0.690323,-3.524155,-0.547055,-1.223779,0.005314,0.006625,0.001508,0.005414
11,20,2.341935,0.716129,-3.415749,-0.533486,-1.209523,0.005124,0.006390,0.001500,0.005283
11,21,2.341935,0.741935,-3.309500,-0.519762,-1.195106,0.004943,0.006165,0.001494,0.005158
11,22,2.341935,0.767742,-3.205594,-0.505908,-1.180557,0.004769,0.005949,0.001488,0.005039
11,23,2.341935,0.793548,-3.104186,-0.491948,-1.165903,0.004602,0.005741,0.001483,0.004924
11,24,2.341935,0.819355,-3.005403,-0.477903,-1.151169,0.004441,0.005542,0.001478,0.004814
11,25,2.341935,0.845161,-2.909344,-0.463795,-1.136380,0.004286,0.005349,0.001473,0.004707
11,26,2.341935,0.870968,-2.816085,-0.449646,-1.121562,0.004137,0.005164,0.001469,0.004604
11,27,2.341935,0.896774,-2.725676,-0.435474,-1.106737,0.003993,0.004985,0.001465,0.004504
11,28,2.341935,0.922581,-2.638151,-0.421300,-1.091928,0.003854,0.004812,0.001461,0.004407
11,29,2.341935,0.948387,-2.553521,-0.407139,-1.077155,0.003720,0.004646,0.001457,0.004313
11,30,2.341935,0.974194,-2.471783,-0.393010,-1.062439,0.003591,0.004485,0.001453,0.004222
11,31,2.341935,1.000000,-2.392921,-0.378928,-1.047799,0.003467,0.004331,0.001449,0.004133
12,0,2.354839,0.200000,-2.733270,-0.436683,-1.108000,0.004700,0.005863,0.001720,0.005292
12,1,2.354839,0.225806,-2.704697,-0.432119,-1.103229,0.004666,0.005821,0.001725,0.005276
12,2,2.354839,0.251613,-2.673411,-0.427066,-1.097950,0.004611,0.005752,0.001725,0.005239
12,3,2.354839,0.277419,-2.639623,-0.421542,-1.092181,0.004535,0.005658,0.001718,0.005181
12,4,2.354839,0.303226,-2.603536,-0.415564,-1.085941,0.004442,0.005543,0.001706,0.005104
12,5,2.354839,0.329032,-2.565353,-0.409147,-1.079248,0.004338,0.005413,0.001691,0.005015
12,6,2.354839,0.354839,-2.525283,-0.402310,-1.072122,0.004226,0.005274,0.001673,0.004919
12,7,2.354839,0.380645,-2.483535,-0.395070,-1.064583,0.004110,0.005130,0.001655,0.004819
12,8,2.354839,0.406452,-2.440321,-0.387447,-1.056652,0.003994,0.004985,0.001636,0.004718
12,9,2.354839,0.432258,-2.395852,-0.379460,-1.048351,0.003878,0.004841,0.001618,0.004618
12,10,2.354839,0.458065,-2.350337,-0.371130,-1.039704,0.003763,0.004699,0.001601,0.004519
12,11,2.354839,0.483871,-2.303981,-0.362479,-1.030735,0.003651,0.004559,0.001585,0.004424
12,12,2.354839,0.509677,-2.256981,-0.353528,-1.021468,0.003542,0.004424,0.001569,0.004331
12,13,2.354839,0.535484,-2.209526,-0.344299,-1.011928,0.003436,0.004292,0.001555,0.004241
12,14,2.354839,0.561290,-2.161796,-0.334815,-1.002140,0.003333,0.004164,0.001542,0.004155
12,15,2.354839,0.587097,-2.113959,-0.325097,-0.992129,0.003233,0.004039,0.001530,0.004071
12,16,2.354839,0.612903,-2.066175,-0.315167,-0.981920,0.003137,0.003919,0.001518,0.003991
12,17,2.354839,0.638710,-2.018588,-0.305048,-0.971537,0.003044,0.003803,0.001508,0.003914
12,18,2.354839,0.664516,-1.971331,-0.294759,-0.961005,0.002953,0.003690,0.001498,0.003840
12,19,2.354839,0.690323,-1.924525,-0.284324,-0.950347,0.002866,0.003581,0.001489,0.003768
12,20,2.354839,0.716129,-1.878279,-0.273760,-0.939586,0.002781,0.003475,0.001480,0.003699
12,21,2.354839,0.741935,-1.832690,-0.263089,-0.928745,0.002699,0.003373,0.001472,0.003632
12,22,2.354839,0.767742,-1.787841,-0.252329,-0.917844,0.002619,0.003274,0.001465,0.003567
12,23,2.354839,0.793548,-1.743807,-0.241498,-0.906905,0.002542,0.003178,0.001458,0.003504
12,24,2.354839,0.819355,-1.700649,-0.230615,-0.895946,0.002467,0.003084,0.001451,0.003443
12,25,2.354839,0.845161,-1.658421,-0.219695,-0.884988,0.002395,0.002994,0.001444,0.003383
12,26,2.354839,0.870968,-1.617165,-0.208754,-0.874047,0.002325,0.002907,0.001438,0.003326
12,27,2.354839,0.896774,-1.576916,-0.197809,-0.863140,0.002257,0.002822,0.001431,0.003270
12,28,2.354839,0.922581,-1.537700,-0.186872,-0.852282,0.002192,0.002741,0.001425,0.003216
12,29,2.354839,0.948387,-1.499537,-0.175957,-0.841489,0.002128,0.002662,0.001419,0.003163
12,30,2.354839,0.974194,-1.462438,-0.165077,-0.830774,0.002067,0.002586,0.001414,0.003112
12,31,2.354839,1.000000,-1.426410,-0.154244,-0.820148,0.002008,0.002512,0.001408,0.003063
13,0,2.367742,0.200000,-1.325540,-0.122393,-0.789179,0.002367,0.002960,0.001786,0.003751
13,1,2.367742,0.225806,-1.316146,-0.119304,-0.786197,0.002280,0.002851,0.001732,0.003626
13,2,2.367742,0.251613,-1.305761,-0.115864,-0.782882,0.002200,0.002751,0.001684,0.003514
13,3,2.367742,0.277419,-1.294460,-0.112088,-0.779250,0.002127,0.002661,0.001643,0.003414
13,4,2.367742,0.303226,-1.282308,-0.107992,-0.775316,0.002063,0.002580,0.001609,0.003328
13,5,2.367742,0.329032,-1.269373,-0.103589,-0.771095,0.002005,0.002508,0.001580,0.003253
13,6,2.367742,0.354839,-1.255717,-0.098892,-0.766602,0.001954,0.002444,0.001556,0.003188
13,7,2.367742,0.380645,-1.241407,-0.093914,-0.761852,0.001907,0.002386,0.001536,0.003131
13,8,2.367742,0.406452,-1.226510,-0.088671,-0.756861,0.001864,0.002332,0.001520,0.003081
13,9,2.367742,0.432258,-1.211093,-0.083177,-0.751644,0.001823,0.002281,0.001505,0.003034
13,10,2.367742,0.458065,-1.195222,-0.077449,-0.746220,0.001784,0.002232,0.001493,0.002991
13,11,2.367742,0.483871,-1.178964,-0.071501,-0.740604,0.001746,0.002185,0.001481,0.002950
13,12,2.367742,0.509677,-1.162382,-0.065349,-0.734814,0.001709,0.002139,0.001471,0.002911
13,13,2.367742,0.535484,-1.145539,-0.059010,-0.728866,0.001673,0.002093,0.001460,0.002872
13,14,2.367742,0.561290,-1.128493,-0.052499,-0.722778,0.001637,0.002049,0.001451,0.002834
13,15,2.367742,0.587097,-1.111301,-0.045832,-0.716566,0.001602,0.002004,0.001441,0.002797
13,16,2.367742,0.612903,-1.094016,-0.039024,-0.710247,0.001567,0.001961,0.001432,0.002761
13,17,2.367742,0.638710,-1.076689,-0.032090,-0.703835,0.001533,0.001918,0.001423,0.002725
13,18,2.367742,0.664516,-1.059366,-0.025046,-0.697346,0.001499,0.001876,0.001415,0.002690
13,19,2.367742,0.690323,-1.042090,-0.017905,-0.690795,0.001466,0.001834,0.001407,0.002656
13,20,2.367742,0.716129,-1.024902,-0.010682,-0.684196,0.001433,0.001794,0.001399,0.002622
13,21,2.367742,0.741935,-0.807836,0.092677,-0.593050,0.190617,0.202020,0.235960,0.340646
13,22,2.367742,0.767742,1.009176,0.003967,0.678087,0.001397,0.001749,0.001384,0.002579
13,23,2.367742,0.793548,1.026500,0.011359,0.684814,0.001414,0.001770,0.001377,0.002584
13,24,2.367742,0.819355,1.044199,0.018783,0.691599,0.001431,0.001791,0.001371,0.002590
13,25,2.367742,0.845161,1.062252,0.026228,0.698433,0.001449,0.001814,0.001364,0.002597
13,26,2.367742,0.870968,1.080643,0.033682,0.705305,0.001468,0.001837,0.001358,0.002605
13,27,2.367742,0.896774,1.099351,0.041136,0.712205,0.001487,0.001861,0.001353,0.002613
13,28,2.367742,0.922581,1.118357,0.048580,0.719125,0.001507,0.001886,0.001347,0.002622
13,29,2.367742,0.948387,1.137642,0.056006,0.726055,0.001527,0.001911,0.001342,0.002632
13,30,2.367742,0.974194,1.157187,0.063404,0.732987,0.001547,0.001936,0.001337,0.002642
13,31,2.367742,1.000000,1.176973,0.070766,0.739912,0.001569,0.001963,0.001333,0.002653
14,0,2.380645,0.200000,1.578610,0.198275,0.863603,0.002440,0.003051,0.001546,0.003533
14,1,2.380645,0.225806,1.584079,0.199777,0.865098,0.002354,0.002943,0.001486,0.003402
14,2,2.380645,0.251613,1.590268,0.201470,0.866784,0.002286,0.002858,0.001437,0.003297
14,3,2.380645,0.277419,1.597139,0.203343,0.868649,0.002231,0.002790,0.001397,0.003212
14,4,2.380645,0.303226,1.604659,0.205383,0.870683,0.002188,0.002736,0.001363,0.003142
14,5,2.380645,0.329032,1.612802,0.207581,0.872876,0.002153,0.002693,0.001335,0.003085
14,6,2.380645,0.354839,1.621543,0.209928,0.875219,0.002127,0.002661,0.001312,0.003040
14,7,2.380645,0.380645,1.630859,0.212416,0.877705,0.002109,0.002638,0.001293,0.003005
14,8,2.380645,0.406452,1.640728,0.215037,0.880325,0.002098,0.002623,0.001278,0.002980
14,9,2.380645,0.432258,1.651132,0.217782,0.883072,0.002092,0.002617,0.001267,0.002963
14,10,2.380645,0.458065,1.662049,0.220644,0.885939,0.002092,0.002617,0.001259,0.002954
14,11,2.380645,0.483871,1.673461,0.223616,0.888918,0.002097,0.002623,0.001253,0.002950
14,12,2.380645,0.509677,1.685347,0.226689,0.892003,0.002105,0.002633,0.001249,0.002952
14,13,2.380645,0.535484,1.697687,0.229858,0.895185,0.002116,0.002646,0.001246,0.002956
14,14,2.380645,0.561290,1.710460,0.233113,0.898459,0.002129,0.002663,0.001245,0.002964
14,15,2.380645,0.587097,1.723647,0.236448,0.901816,0.002144,0.002681,0.001244,0.002973
14,16,2.380645,0.612903,1.737225,0.239856,0.905249,0.002159,0.002701,0.001243,0.002983
14,17,2.380645,0.638710,1.751172,0.243329,0.908751,0.002176,0.002721,0.001243,0.002995
14,18,2.380645,0.664516,1.765468,0.246860,0.912316,0.002193,0.002743,0.001242,0.003006
14,19,2.380645,0.690323,1.780090,0.250442,0.915936,0.002211,0.002764,0.001242,0.003018
14,20,2.380645,0.716129,1.795015,0.254068,0.919604,0.002228,0.002787,0.001241,0.003030
14,21,2.380645,0.741935,1.810222,0.257732,0.923314,0.002246,0.002809,0.001241,0.003042
14,22,2.380645,0.767742,1.825689,0.261427,0.927059,0.002264,0.002831,0.001240,0.003054
14,23,2.380645,0.793548,1.841393,0.265147,0.930833,0.002282,0.002854,0.001239,0.003066
14,24,2.380645,0.819355,1.857314,0.268885,0.934630,0.002301,0.002877,0.001239,0.003078
14,25,2.380645,0.845161,1.873429,0.272637,0.938444,0.002319,0.002900,0.001238,0.003090
14,26,2.380645,0.870968,1.889718,0.276397,0.942270,0.002338,0.002923,0.001237,0.003102
14,27,2.380645,0.896774,1.906161,0.280160,0.946102,0.002356,0.002946,0.001236,0.003114
14,28,2.380645,0.922581,1.922737,0.283920,0.949935,0.002375,0.002970,0.001235,0.003126
14,29,2.380645,0.948387,1.939427,0.287673,0.953765,0.002394,0.002993,0.001234,0.003139
14,30,2.380645,0.974194,1.956212,0.291416,0.957588,0.002413,0.003017,0.001234,0.003151
14,31,2.380645,1.000000,1.973074,0.295143,0.961398,0.002433,0.003041,0.001233,0.003164
15,0,2.393548,0.200000,3.329276,0.522350,1.197824,0.003494,0.004364,0.001050,0.003643
15,1,2.393548,0.225806,3.327985,0.522181,1.197647,0.003602,0.004498,0.001082,0.003756
15,2,2.393548,0.251613,3.326629,0.522004,1.197461,0.003714,0.004637,0.001116,0.003873
15,3,2.393548,0.277419,3.325209,0.521819,1.197267,0.003809,0.004756,0.001146,0.003973
15,4,2.393548,0.303226,3.323731,0.521626,1.197064,0.003881,0.004845,0.001168,0.004048
15,5,2.393548,0.329032,3.322207,0.521427,1.196854,0.003928,0.004904,0.001182,0.004098
15,6,2.393548,0.354839,3.320650,0.521223,1.196641,0.003954,0.004936,0.001191,0.004125
15,7,2.393548,0.380645,3.319073,0.521017,1.196424,0.003963,0.004947,0.001194,0.004135
15,8,2.393548,0.406452,3.317491,0.520810,1.196206,0.003959,0.004942,0.001193,0.004132
15,9,2.393548,0.432258,3.315915,0.520603,1.195990,0.003946,0.004926,0.001190,0.004119
15,10,2.393548,0.458065,3.314356,0.520399,1.195775,0.003927,0.004903,0.001185,0.004100
15,11,2.393548,0.483871,3.312825,0.520198,1.195564,0.003906,0.004876,0.001179,0.004078
15,12,2.393548,0.509677,3.311329,0.520002,1.195358,0.003883,0.004847,0.001173,0.004055
15,13,2.393548,0.535484,3.309875,0.519812,1.195158,0.003860,0.004819,0.001166,0.004032
15,14,2.393548,0.561290,3.308471,0.519627,1.194965,0.003839,0.004792,0.001160,0.004011
15,15,2.393548,0.587097,3.307122,0.519450,1.194778,0.003819,0.004768,0.001155,0.003991
15,16,2.393548,0.612903,3.305832,0.519281,1.194600,0.003802,0.004747,0.001150,0.003973
15,17,2.393548,0.638710,3.304607,0.519120,1.194431,0.003787,0.004728,0.001146,0.003958
15,18,2.393548,0.664516,3.303451,0.518968,1.194272,0.003774,0.004713,0.001143,0.003946
15,19,2.393548,0.690323,3.302367,0.518825,1.194122,0.003764,0.004700,0.001140,0.003936
15,20,2.393548,0.716129,3.301358,0.518693,1.193983,0.003757,0.004691,0.001138,0.003929
15,21,2.393548,0.741935,3.300428,0.518570,1.193854,0.003751,0.004684,0.001137,0.003923
15,22,2.393548,0.767742,3.299578,0.518458,1.193737,0.003747,0.004679,0.001136,0.003920
15,23,2.393548,0.793548,3.298810,0.518357,1.193631,0.003745,0.004676,0.001135,0.003918
15,24,2.393548,0.819355,3.298126,0.518267,1.193536,0.003744,0.004675,0.001135,0.003917
15,25,2.393548,0.845161,3.297526,0.518188,1.193453,0.003745,0.004676,0.001136,0.003918
15,26,2.393548,0.870968,3.297011,0.518120,1.193382,0.003746,0.004677,0.001136,0.003919
15,27,2.393548,0.896774,3.296581,0.518064,1.193322,0.003748,0.004680,0.001137,0.003922
15,28,2.393548,0.922581,3.296235,0.518018,1.193274,0.003751,0.004684,0.001138,0.003925
15,29,2.393548,0.948387,3.295973,0.517984,1.193238,0.003754,0.004688,0.001139,0.003929
15,30,2.393548,0.974194,3.295793,0.517960,1.193213,0.003758,0.004693,0.001140,0.003933
15,31,2.393548,1.000000,3.295694,0.517947,1.193199,0.003763,0.004698,0.001142,0.003938
16,0,2.406452,0.200000,6.985207,0.844179,1.533180,0.016438,0.020270,0.002353,0.013221
16,1,2.406452,0.225806,6.957431,0.842449,1.531408,0.015370,0.018973,0.002209,0.012390
16,2,2.406452,0.251613,6.926297,0.840501,1.529412,0.014376,0.017763,0.002076,0.011614
16,3,2.406452,0.277419,6.892038,0.838348,1.527205,0.013458,0.016644,0.001953,0.010899
16,4,2.406452,0.303226,6.854899,0.836001,1.524800,0.012619,0.015620,0.001841,0.010244
16,5,2.406452,0.329032,6.815123,0.833474,1.522208,0.011858,0.014688,0.001740,0.009649
16,6,2.406452,0.354839,6.772943,0.830777,1.519442,0.011171,0.013846,0.001649,0.009113
16,7,2.406452,0.380645,6.728583,0.827924,1.516512,0.010554,0.013090,0.001569,0.008632
16,8,2.406452,0.406452,6.682257,0.824923,1.513432,0.010003,0.012413,0.001497,0.008202
16,9,2.406452,0.432258,6.634175,0.821787,1.510210,0.009513,0.011810,0.001434,0.007820
16,10,2.406452,0.458065,6.584543,0.818526,1.506858,0.009077,0.011275,0.001379,0.007482
16,11,2.406452,0.483871,6.533562,0.815150,1.503387,0.008692,0.010800,0.001330,0.007184
16,12,2.406452,0.509677,6.481428,0.811671,1.499807,0.008352,0.010381,0.001289,0.006921
16,13,2.406452,0.535484,6.428333,0.808098,1.496130,0.008051,0.010010,0.001252,0.006690
16,14,2.406452,0.561290,6.374461,0.804444,1.492366,0.007785,0.009682,0.001221,0.006487
16,15,2.406452,0.587097,6.319989,0.800716,1.488526,0.007549,0.009391,0.001195,0.006309
16,16,2.406452,0.612903,6.265083,0.796927,1.484619,0.007341,0.009133,0.001172,0.006152
16,17,2.406452,0.638710,6.209902,0.793085,1.480656,0.007155,0.008904,0.001152,0.006013
16,18,2.406452,0.664516,6.154594,0.789199,1.476647,0.006989,0.008699,0.001136,0.005891
16,19,2.406452,0.690323,6.099297,0.785280,1.472600,0.006841,0.008516,0.001122,0.005783
16,20,2.406452,0.716129,6.044137,0.781334,1.468524,0.006709,0.008352,0.001110,0.005687
16,21,2.406452,0.741935,5.989231,0.777371,1.464427,0.006589,0.008204,0.001100,0.005602
16,22,2.406452,0.767742,5.934686,0.773398,1.460318,0.006481,0.008071,0.001092,0.005527
16,23,2.406452,0.793548,5.880599,0.769422,1.456204,0.006384,0.007950,0.001086,0.005460
16,24,2.406452,0.819355,5.827057,0.765449,1.452092,0.006295,0.007841,0.001080,0.005400
16,25,2.406452,0.845161,5.774136,0.761487,1.447988,0.006215,0.007741,0.001076,0.005346
16,26,2.406452,0.870968,5.721907,0.757541,1.443899,0.006141,0.007650,0.001073,0.005298
16,27,2.406452,0.896774,5.670428,0.753616,1.439830,0.006073,0.007566,0.001071,0.005255
16,28,2.406452,0.922581,5.619753,0.749717,1.435787,0.006011,0.007489,0.001070,0.005216
16,29,2.406452,0.948387,5.569926,0.745849,1.431773,0.005954,0.007418,0.001069,0.005181
16,30,2.406452,0.974194,5.520985,0.742017,1.427794,0.005901,0.007352,0.001069,0.005149
16,31,2.406452,1.000000,5.472963,0.738222,1.423854,0.005852,0.007291,0.001069,0.005121
17,0,2.419355,0.200000,14.527335,1.162186,1.849383,0.021823,0.026770,0.001502,0.014475
17,1,2.419355,0.225806,14.412032,1.158725,1.846054,0.020967,0.025741,0.001455,0.013944
17,2,2.419355,0.251613,14.284916,1.154878,1.842350,0.020220,0.024842,0.001415,0.013484
17,3,2.419355,0.277419,14.146847,1.150660,1.838286,0.019535,0.024016,0.001381,0.013065
17,4,2.419355,0.303226,13.998753,1.146089,1.833877,0.018903,0.023254,0.001350,0.012680
17,5,2.419355,0.329032,13.841566,1.141185,1.829142,0.018322,0.022551,0.001324,0.012329
17,6,2.419355,0.354839,13.676205,1.135966,1.824096,0.017782,0.021899,0.001300,0.012005
17,7,2.419355,0.380645,13.503571,1.130449,1.818757,0.017275,0.021285,0.001279,0.011703
17,8,2.419355,0.406452,13.324549,1.124653,1.813140,0.016789,0.020696,0.001260,0.011414
17,9,2.419355,0.432258,13.140009,1.118596,1.807263,0.016316,0.020122,0.001242,0.011134
17,10,2.419355,0.458065,12.950805,1.112297,1.801142,0.015850,0.019556,0.001224,0.010858
17,11,2.419355,0.483871,12.757764,1.105775,1.794796,0.015388,0.018995,0.001206,0.010583
17,12,2.419355,0.509677,12.561685,1.099048,1.788241,0.014929,0.018437,0.001188,0.010310
17,13,2.419355,0.535484,12.363334,1.092136,1.781495,0.014475,0.017884,0.001171,0.010039
17,14,2.419355,0.561290,12.163437,1.085056,1.774576,0.014029,0.017340,0.001153,0.009772
17,15,2.419355,0.587097,11.962679,1.077828,1.767500,0.013593,0.016808,0.001136,0.009510
17,16,2.419355,0.612903,11.761701,1.070470,1.760285,0.013169,0.016291,0.001120,0.009255
17,17,2.419355,0.638710,11.561096,1.062999,1.752948,0.012761,0.015793,0.001104,0.009009
17,18,2.419355,0.664516,11.361413,1.055432,1.745506,0.012371,0.015316,0.001089,0.008774
17,19,2.419355,0.690323,11.163151,1.047787,1.737973,0.012000,0.014861,0.001075,0.008551
17,20,2.419355,0.716129,10.966763,1.040078,1.730367,0.011648,0.014431,0.001062,0.008340
17,21,2.419355,0.741935,10.772653,1.032323,1.722701,0.011317,0.014025,0.001051,0.008141
17,22,2.419355,0.767742,10.581181,1.024534,1.714990,0.011006,0.013644,0.001040,0.007956
17,23,2.419355,0.793548,10.392665,1.016727,1.707249,0.010715,0.013287,0.001031,0.007783
17,24,2.419355,0.819355,10.207376,1.008914,1.699490,0.010443,0.012953,0.001023,0.007622
17,25,2.419355,0.845161,10.025550,1.001108,1.691725,0.010189,0.012642,0.001016,0.007473
17,26,2.419355,0.870968,9.847383,0.993321,1.683967,0.009953,0.012351,0.001011,0.007335
17,27,2.419355,0.896774,9.673036,0.985563,1.676225,0.009733,0.012081,0.001006,0.007207
17,28,2.419355,0.922581,9.502639,0.977844,1.668512,0.009528,0.011829,0.001003,0.007090
17,29,2.419355,0.948387,9.336293,0.970174,1.660836,0.009337,0.011594,0.001000,0.006981
17,30,2.419355,0.974194,9.174069,0.962562,1.653205,0.009159,0.011375,0.000998,0.006881
17,31,2.419355,1.000000,9.016016,0.955015,1.645629,0.008993,0.011171,0.000997,0.006788
18,0,2.432258,0.200000,29.558887,1.470688,2.135457,0.087078,0.100563,0.002946,0.047092
18,1,2.432258,0.225806,29.211259,1.465550,2.130865,0.081079,0.094135,0.002776,0.044177
18,2,2.432258,0.251613,28.833845,1.459903,2.125811,0.075446,0.088038,0.002617,0.041414
18,3,2.432258,0.277419,28.428831,1.453759,2.120306,0.069872,0.081944,0.002458,0.038647
18,4,2.432258,0.303226,27.998400,1.447133,2.114358,0.064300,0.075792,0.002297,0.035846
18,5,2.432258,0.329032,27.544864,1.440041,2.107982,0.058808,0.069668,0.002135,0.033049
18,6,2.432258,0.354839,27.070668,1.432499,2.101189,0.053521,0.063714,0.001977,0.030323
18,7,2.432258,0.380645,26.578364,1.424528,2.093996,0.048561,0.058076,0.001827,0.027734
18,8,2.432258,0.406452,26.070563,1.416150,2.086421,0.044020,0.052870,0.001689,0.025340
18,9,2.432258,0.432258,25.549887,1.407389,2.078482,0.039957,0.048173,0.001564,0.023177
18,10,2.432258,0.458065,25.018920,1.398269,2.070201,0.036388,0.044019,0.001454,0.021263
18,11,2.432258,0.483871,24.480177,1.388815,2.061596,0.033303,0.040405,0.001360,0.019599
18,12,2.432258,0.509677,23.936069,1.379053,2.052691,0.030664,0.037296,0.001281,0.018170
18,13,2.432258,0.535484,23.388883,1.369009,2.043507,0.028419,0.034640,0.001215,0.016951
18,14,2.432258,0.561290,22.840765,1.358711,2.034066,0.026510,0.032373,0.001161,0.015915
18,15,2.432258,0.587097,22.293708,1.348182,2.024390,0.024881,0.030431,0.001116,0.015032
18,16,2.432258,0.612903,21.749544,1.337450,2.014501,0.023479,0.028755,0.001080,0.014274
18,17,2.432258,0.638710,21.209943,1.326539,2.004422,0.022259,0.027293,0.001049,0.013616
18,18,2.432258,0.664516,20.676404,1.315475,1.994173,0.021185,0.026003,0.001025,0.013040
18,19,2.432258,0.690323,20.150267,1.304281,1.983777,0.020228,0.024853,0.001004,0.012528
18,20,2.432258,0.716129,19.632707,1.292980,1.973253,0.019368,0.023815,0.000987,0.012069
18,21,2.432258,0.741935,19.124746,1.281596,1.962622,0.018587,0.022872,0.000972,0.011654
18,22,2.432258,0.767742,18.627256,1.270149,1.951904,0.017873,0.022009,0.000960,0.011276
18,23,2.432258,0.793548,18.140968,1.258660,1.941118,0.017218,0.021215,0.000949,0.010929
18,24,2.432258,0.819355,17.666483,1.247150,1.930282,0.016613,0.020482,0.000940,0.010611
18,25,2.432258,0.845161,17.204274,1.235636,1.919412,0.016054,0.019804,0.000933,0.010318
18,26,2.432258,0.870968,16.754707,1.224137,1.908527,0.015536,0.019174,0.000927,0.010047
18,27,2.432258,0.896774,16.318041,1.212668,1.897642,0.015055,0.018589,0.000923,0.009796
18,28,2.432258,0.922581,15.894441,1.201245,1.886771,0.014608,0.018045,0.000919,0.009564
18,29,2.432258,0.948387,15.483990,1.189883,1.875930,0.014192,0.017539,0.000917,0.009349
18,30,2.432258,0.974194,15.086696,1.178594,1.865130,0.013804,0.017067,0.000915,0.009150
18,31,2.432258,1.000000,14.702500,1.167391,1.854385,0.013443,0.016626,0.000914,0.008966
19,0,2.445161,0.200000,57.888010,1.762589,2.387111,0.276740,0.275093,0.004781,0.115241
19,1,2.445161,0.225806,57.088452,1.756548,2.382081,0.242936,0.247467,0.004255,0.103887
19,2,2.445161,0.251613,56.211647,1.749826,2.376475,0.214428,0.223132,0.003815,0.093892
19,3,2.445161,0.277419,55.261476,1.742422,2.370290,0.190643,0.202044,0.003450,0.085240
19,4,2.445161,0.303226,54.243434,1.734347,2.363531,0.170862,0.183925,0.003150,0.077818
19,5,2.445161,0.329032,53.164308,1.725620,2.356213,0.154353,0.168378,0.002903,0.071461
19,6,2.445161,0.354839,52.031687,1.716268,2.348353,0.140435,0.154953,0.002699,0.065984
19,7,2.445161,0.380645,50.853506,1.706321,2.339974,0.128501,0.143201,0.002527,0.061198
19,8,2.445161,0.406452,49.637717,1.695812,2.331099,0.118041,0.132712,0.002378,0.056931
19,9,2.445161,0.432258,48.392079,1.684774,2.321754,0.108659,0.123147,0.002245,0.053041
19,10,2.445161,0.458065,47.124037,1.673242,2.311965,0.100070,0.114258,0.002124,0.049420
19,11,2.445161,0.483871,45.840651,1.661251,2.301755,0.092095,0.105887,0.002009,0.046003
19,12,2.445161,0.509677,44.548549,1.648834,2.291152,0.084634,0.097952,0.001900,0.042752
19,13,2.445161,0.535484,43.253895,1.636025,2.280182,0.077646,0.090426,0.001795,0.039657
19,14,2.445161,0.561290,41.962369,1.622860,2.268871,0.071123,0.083317,0.001695,0.036722
19,15,2.445161,0.587097,40.679148,1.609372,2.257244,0.065072,0.076648,0.001600,0.033956
19,16,2.445161,0.612903,39.408903,1.595594,2.245329,0.059502,0.070445,0.001510,0.031374
19,17,2.445161,0.638710,38.155798,1.581561,2.233151,0.054416,0.064726,0.001426,0.028984
19,18,2.445161,0.664516,36.923495,1.567303,2.220736,0.049811,0.059501,0.001349,0.026794
19,19,2.445161,0.690323,35.715169,1.552853,2.208109,0.045670,0.054766,0.001279,0.024802
19,20,2.445161,0.716129,34.533529,1.538241,2.195295,0.041972,0.050506,0.001215,0.023007
19,21,2.445161,0.741935,33.380839,1.523497,2.182319,0.038686,0.046697,0.001159,0.021398
19,22,2.445161,0.767742,32.258947,1.508650,2.169205,0.035780,0.043308,0.001109,0.019965
19,23,2.445161,0.793548,31.169313,1.493727,2.155976,0.033215,0.040302,0.001066,0.018693
19,24,2.445161,0.819355,30.113040,1.478755,2.142654,0.030957,0.037643,0.001028,0.017568
19,25,2.445161,0.845161,29.090907,1.463757,2.129262,0.028969,0.035293,0.000996,0.016575
19,26,2.445161,0.870968,28.103402,1.448759,2.115819,0.027218,0.033215,0.000968,0.015698
19,27,2.445161,0.896774,27.150747,1.433782,2.102345,0.025673,0.031376,0.000946,0.014924
19,28,2.445161,0.922581,26.232937,1.418847,2.088861,0.024306,0.029744,0.000927,0.014239
19,29,2.445161,0.948387,25.349763,1.403974,2.075384,0.023093,0.028293,0.000911,0.013633
19,30,2.445161,0.974194,24.500840,1.389181,2.061930,0.022012,0.026997,0.000898,0.013093
19,31,2.445161,1.000000,23.685636,1.374485,2.048517,0.021046,0.025836,0.000889,0.012612
20,0,2.458065,0.200000,111.227491,2.046212,2.615470,0.665551,0.523823,0.005984,0.200279
20,1,2.458065,0.225806,109.188107,2.038175,2.609201,0.592528,0.484639,0.005427,0.185742
20,2,2.458065,0.251613,107.019679,2.029464,2.602393,0.527548,0.447320,0.004929,0.171888
20,3,2.458065,0.277419,104.728931,2.020067,2.595034,0.471111,0.412793,0.004498,0.159070
20,4,2.458065,0.303226,102.326434,2.009988,2.587124,0.422881,0.381544,0.004133,0.147478
20,5,2.458065,0.329032,99.824909,1.999239,2.578669,0.381852,0.353563,0.003825,0.137111
20,6,2.458065,0.354839,97.238131,1.987837,2.569677,0.346758,0.328513,0.003566,0.127842
20,7,2.458065,0.380645,94.580301,1.975801,2.560160,0.316392,0.305938,0.003345,0.119500
20,8,2.458065,0.406452,91.865708,1.963153,2.550131,0.289758,0.285398,0.003154,0.111915
20,9,2.458065,0.432258,89.108542,1.949919,2.539606,0.266095,0.266531,0.002986,0.104950
20,10,2.458065,0.458065,86.322739,1.936125,2.528602,0.244839,0.249057,0.002836,0.098496
20,11,2.458065,0.483871,83.521825,1.921800,2.517138,0.225573,0.232763,0.002701,0.092471
20,12,2.458065,0.509677,80.718763,1.906974,2.505233,0.207976,0.217484,0.002577,0.086812
20,13,2.458065,0.535484,77.925798,1.891681,2.492909,0.191794,0.203082,0.002461,0.081464
20,14,2.458065,0.561290,75.154335,1.875954,2.480190,0.176825,0.189445,0.002353,0.076383
20,15,2.458065,0.587097,72.414841,1.859828,2.467100,0.162908,0.176485,0.002250,0.071535
20,16,2.458065,0.612903,69.716774,1.843337,2.453664,0.149925,0.164139,0.002150,0.066895
20,17,2.458065,0.638710,67.068546,1.826519,2.439906,0.137790,0.152368,0.002054,0.062448
20,18,2.458065,0.664516,64.477509,1.809408,2.425854,0.126450,0.141159,0.001961,0.058189
20,19,2.458065,0.690323,61.949959,1.792041,2.411533,0.115870,0.130512,0.001870,0.054120
20,20,2.458065,0.716129,59.491167,1.774452,2.396969,0.106029,0.120439,0.001782,0.050246
20,21,2.458065,0.741935,57.105419,1.756677,2.382188,0.096914,0.110959,0.001697,0.046579
20,22,2.458065,0.767742,54.796069,1.738749,2.367217,0.088509,0.102087,0.001615,0.043125
20,23,2.458065,0.793548,52.565604,1.720702,2.352081,0.080800,0.093834,0.001537,0.039894
20,24,2.458065,0.819355,50.415715,1.702566,2.336805,0.073764,0.086205,0.001463,0.036890
20,25,2.458065,0.845161,48.347365,1.684373,2.321414,0.067374,0.079194,0.001394,0.034114
20,26,2.458065,0.870968,46.360873,1.666152,2.305931,0.061599,0.072787,0.001329,0.031565
20,27,2.458065,0.896774,44.455983,1.647930,2.290380,0.056401,0.066964,0.001269,0.029237
20,28,2.458065,0.922581,42.631937,1.629735,2.274782,0.051741,0.061696,0.001214,0.027122
20,29,2.458065,0.948387,40.887550,1.611591,2.259160,0.047577,0.056951,0.001164,0.025209
20,30,2.458065,0.974194,39.221274,1.593522,2.243533,0.043867,0.052693,0.001118,0.023486
20,31,2.458065,1.000000,37.631256,1.575549,2.227921,0.040568,0.048881,0.001078,0.021940
21,0,2.470968,0.200000,200.739843,2.302634,2.809823,1.579933,0.863965,0.007871,0.307480
21,1,2.470968,0.225806,197.171055,2.294843,2.804073,1.408039,0.814645,0.007141,0.290522
21,2,2.470968,0.251613,193.269447,2.286163,2.797656,1.268936,0.770952,0.006566,0.275571
21,3,2.470968,0.277419,189.041055,2.276556,2.790540,1.155504,0.732393,0.006112,0.262456
21,4,2.470968,0.303226,184.507639,2.266014,2.782715,1.061165,0.698024,0.005751,0.250843
21,5,2.470968,0.329032,179.702413,2.254554,2.774188,0.979923,0.666533,0.005453,0.240262
21,6,2.470968,0.354839,174.665124,2.242206,2.764979,0.907130,0.636657,0.005194,0.230257
21,7,2.470968,0.380645,169.438223,2.229011,2.755111,0.839818,0.607481,0.004956,0.220492
21,8,2.470968,0.406452,164.064283,2.215014,2.744612,0.776455,0.578512,0.004733,0.210781
21,9,2.470968,0.432258,158.584363,2.200260,2.733512,0.716450,0.549594,0.004518,0.201058
21,10,2.470968,0.458065,153.037056,2.184797,2.721841,0.659691,0.520777,0.004311,0.191333
21,11,2.470968,0.483871,147.457979,2.168668,2.709626,0.606232,0.492204,0.004111,0.181650
21,12,2.470968,0.509677,141.879573,2.151920,2.696897,0.556133,0.464040,0.003920,0.172065
21,13,2.470968,0.535484,136.331074,2.134595,2.683680,0.509399,0.436443,0.003736,0.162628
21,14,2.470968,0.561290,130.838589,2.116736,2.670004,0.465972,0.409543,0.003561,0.153387
21,15,2.470968,0.587097,125.425207,2.098385,2.655895,0.425746,0.383449,0.003394,0.144376
21,16,2.470968,0.612903,120.111126,2.079583,2.641381,0.388577,0.358243,0.003235,0.135627
21,17,2.470968,0.638710,114.913790,2.060372,2.626488,0.354300,0.333988,0.003083,0.127161
21,18,2.470968,0.664516,109.848022,2.040792,2.611244,0.322739,0.310728,0.002938,0.118996
21,19,2.470968,0.690323,104.926167,2.020884,2.595675,0.293714,0.288494,0.002799,0.111144
21,20,2.470968,0.716129,100.158238,2.000687,2.579809,0.267051,0.267305,0.002666,0.103614
21,21,2.470968,0.741935,95.552068,1.980240,2.563673,0.242583,0.247172,0.002539,0.096413
21,22,2.470968,0.767742,91.113475,1.959583,2.547295,0.220158,0.228103,0.002416,0.089547
21,23,2.470968,0.793548,86.846427,1.938752,2.530700,0.199633,0.210102,0.002299,0.083021
21,24,2.470968,0.819355,82.753215,1.917785,2.513917,0.180880,0.193170,0.002186,0.076840
21,25,2.470968,0.845161,78.834626,1.896717,2.496972,0.163780,0.177304,0.002078,0.071008
21,26,2.470968,0.870968,75.090116,1.875583,2.479889,0.148221,0.162500,0.001974,0.065527
21,27,2.470968,0.896774,71.517977,1.854415,2.462696,0.134101,0.148744,0.001875,0.060399
21,28,2.470968,0.922581,68.115502,1.833246,2.445416,0.121320,0.136019,0.001781,0.055622
21,29,2.470968,0.948387,64.879137,1.812105,2.428072,0.109781,0.124299,0.001692,0.051192
21,30,2.470968,0.974194,61.804630,1.791021,2.410690,0.099392,0.113551,0.001608,0.047103
21,31,2.470968,1.000000,58.887162,1.770021,2.393289,0.090063,0.103737,0.001529,0.043345
22,0,2.483871,0.200000,354.099187,2.549125,2.987128,4.955478,1.378942,0.013995,0.461628
22,1,2.483871,0.225806,346.903626,2.540209,2.980865,4.377132,1.322587,0.012618,0.443692
22,2,2.483871,0.251613,339.106823,2.530337,2.973916,3.904874,1.270578,0.011515,0.427241
22,3,2.483871,0.277419,330.772985,2.519530,2.966295,3.503629,1.221113,0.010592,0.411663
22,4,2.483871,0.303226,321.967876,2.507813,2.958014,3.152290,1.172912,0.009791,0.396520
22,5,2.483871,0.329032,312.757074,2.495207,2.949083,2.839847,1.125382,0.009080,0.381604
22,6,2.483871,0.354839,303.203243,2.481734,2.939514,2.560843,1.078451,0.008446,0.366881
22,7,2.483871,0.380645,293.365955,2.467410,2.929312,2.312038,1.032306,0.007881,0.352406
22,8,2.483871,0.406452,283.303196,2.452251,2.918485,2.090608,0.987167,0.007379,0.338246
22,9,2.483871,0.432258,273.072849,2.436279,2.907040,1.893527,0.943160,0.006934,0.324440
22,10,2.483871,0.458065,262.733236,2.419515,2.894990,1.717594,0.900278,0.006537,0.310978
22,11,2.483871,0.483871,252.342665,2.401991,2.882349,1.559708,0.858404,0.006181,0.297814
22,12,2.483871,0.509677,241.958351,2.383741,2.869137,1.417123,0.817373,0.005857,0.284885
22,13,2.483871,0.535484,231.635098,2.364804,2.855377,1.287591,0.777030,0.005559,0.272129
22,14,2.483871,0.561290,221.424084,2.345225,2.841093,1.169371,0.737262,0.005281,0.259499
22,15,2.483871,0.587097,211.371900,2.325047,2.826313,1.061158,0.698021,0.005020,0.246972
22,16,2.483871,0.612903,201.519924,2.304318,2.811065,0.961972,0.659318,0.004774,0.234544
22,17,2.483871,0.638710,191.904005,2.283084,2.795377,0.871059,0.621217,0.004539,0.222230
22,18,2.483871,0.664516,182.554409,2.261392,2.779279,0.787806,0.583815,0.004315,0.210060
22,19,2.483871,0.690323,173.495966,2.239289,2.762800,0.711683,0.547230,0.004102,0.198071
22,20,2.483871,0.716129,164.748339,2.216821,2.745969,0.642204,0.511590,0.003898,0.186306
22,21,2.483871,0.741935,156.326397,2.194032,2.728816,0.578913,0.477021,0.003703,0.174809
22,22,2.483871,0.767742,148.240619,2.170967,2.711370,0.521369,0.443640,0.003517,0.163622
22,23,2.483871,0.793548,140.497533,2.147669,2.693658,0.469147,0.411553,0.003339,0.152786
22,24,2.483871,0.819355,133.100148,2.124179,2.675710,0.421835,0.380848,0.003169,0.142335
22,25,2.483871,0.845161,126.048384,2.100537,2.657553,0.379042,0.351597,0.003007,0.132301
22,26,2.483871,0.870968,119.339483,2.076784,2.639215,0.340395,0.323854,0.002852,0.122708
22,27,2.483871,0.896774,112.968397,2.052957,2.620723,0.305543,0.297657,0.002705,0.113578
22,28,2.483871,0.922581,106.928150,2.029092,2.602102,0.274160,0.273029,0.002564,0.104926
22,29,2.483871,0.948387,101.210178,2.005224,2.583380,0.245940,0.249974,0.002430,0.096763
22,30,2.483871,0.974194,95.804635,1.981387,2.564580,0.220602,0.228486,0.002303,0.089093
22,31,2.483871,1.000000,90.700672,1.957611,2.545727,0.197885,0.208543,0.002182,0.081919
23,0,2.496774,0.200000,640.346730,2.806415,3.163430,13.935619,1.831982,0.021763,0.579113
23,1,2.496774,0.225806,624.437115,2.795489,3.156111,12.643994,1.791006,0.020249,0.567473
23,2,2.496774,0.251613,607.201925,2.783333,3.147951,11.596636,1.754258,0.019098,0.557270
23,3,2.496774,0.277419,588.838321,2.769996,3.138978,10.662643,1.718289,0.018108,0.547404
23,4,2.496774,0.303226,569.579826,2.755555,3.129238,9.779553,1.680973,0.017170,0.537183
23,5,2.496774,0.329032,549.662942,2.740096,3.118784,8.926935,1.641296,0.016241,0.526262
23,6,2.496774,0.354839,529.307119,2.723708,3.107668,8.104791,1.598947,0.015312,0.514517
23,7,2.496774,0.380645,508.704932,2.706466,3.095937,7.320245,1.553982,0.014390,0.501942
23,8,2.496774,0.406452,488.019474,2.688437,3.083631,6.581075,1.506623,0.013485,0.488587
23,9,2.496774,0.432258,467.385884,2.669676,3.070782,5.893260,1.457171,0.012609,0.474528
23,10,2.496774,0.458065,446.914947,2.650225,3.057413,5.260380,1.405964,0.011770,0.459854
23,11,2.496774,0.483871,426.697527,2.630120,3.043543,4.683708,1.353357,0.010977,0.444665
23,12,2.496774,0.509677,406.809002,2.609391,3.029187,4.162541,1.299702,0.010232,0.429060
23,13,2.496774,0.535484,387.313084,2.588062,3.014357,3.694620,1.245332,0.009539,0.413133
23,14,2.496774,0.561290,368.264687,2.566160,2.999066,3.276589,1.190548,0.008897,0.396973
23,15,2.496774,0.587097,349.711770,2.543710,2.983326,2.904440,1.135613,0.008305,0.380653
23,16,2.496774,0.612903,331.696305,2.520741,2.967150,2.573894,1.080753,0.007760,0.364240
23,17,2.496774,0.638710,314.254633,2.497282,2.950555,2.280698,1.026166,0.007257,0.347788
23,18,2.496774,0.664516,297.417456,2.473366,2.933558,2.020819,0.972029,0.006795,0.331348
23,19,2.496774,0.690323,281.209716,2.449030,2.916180,1.790550,0.918509,0.006367,0.314970
23,20,2.496774,0.716129,265.650494,2.424311,2.898441,1.586545,0.865770,0.005972,0.298702
23,21,2.496774,0.741935,250.753020,2.399246,2.880365,1.405822,0.813976,0.005606,0.282595
23,22,2.496774,0.767742,236.524828,2.373877,2.861976,1.245732,0.763292,0.005267,0.266701
23,23,2.496774,0.793548,222.968046,2.348243,2.843299,1.103933,0.713882,0.004951,0.251075
23,24,2.496774,0.819355,210.079803,2.322384,2.824358,0.978346,0.665904,0.004657,0.235772
23,25,2.496774,0.845161,197.852706,2.296342,2.805180,0.867131,0.619509,0.004383,0.220845
23,26,2.496774,0.870968,186.275379,2.270155,2.785791,0.768656,0.574838,0.004126,0.206346
23,27,2.496774,0.896774,175.333012,2.243864,2.766216,0.681473,0.532013,0.003887,0.192325
23,28,2.496774,0.922581,165.007911,2.217505,2.746483,0.604295,0.491141,0.003662,0.178825
23,29,2.496774,0.948387,155.280033,2.191116,2.726615,0.535984,0.452306,0.003452,0.165886
23,30,2.496774,0.974194,146.127481,2.164732,2.706638,0.475530,0.415573,0.003254,0.153538
23,31,2.496774,1.000000,137.526969,2.138388,2.686578,0.422036,0.380981,0.003069,0.141809
24,0,2.509677,0.200000,1145.504837,3.058997,3.328798,38.751337,2.238993,0.033829,0.672613
24,1,2.509677,0.225806,1106.230735,3.043846,3.319077,36.510726,2.216474,0.033005,0.667798
24,2,2.509677,0.251613,1067.866428,3.028517,3.309218,34.613041,2.196172,0.032413,0.663653
24,3,2.509677,0.277419,1029.642158,3.012686,3.299009,32.568235,2.172870,0.031631,0.658643
24,4,2.509677,0.303226,991.150379,2.996140,3.288309,30.298257,2.145027,0.030569,0.652319
24,5,2.509677,0.329032,952.233446,2.978743,3.277028,27.876926,2.112662,0.029275,0.644688
24,6,2.509677,0.354839,912.905956,2.960426,3.265113,25.404397,2.076232,0.027828,0.635884
24,7,2.509677,0.380645,873.299027,2.941163,3.252543,22.963319,2.036198,0.026295,0.626033
24,8,2.509677,0.406452,833.616664,2.920966,3.239319,20.612197,1.992920,0.024726,0.615228
24,9,2.509677,0.432258,794.099535,2.899875,3.225460,18.390027,1.946682,0.023158,0.603536
24,10,2.509677,0.458065,754.995543,2.877944,3.210996,16.321530,1.897730,0.021618,0.591010
24,11,2.509677,0.483871,716.538000,2.855239,3.195962,14.420647,1.846304,0.020125,0.577699
24,12,2.509677,0.509677,678.931611,2.831826,3.180397,12.692811,1.792637,0.018695,0.563652
24,13,2.509677,0.535484,642.345569,2.807769,3.164336,11.136745,1.736959,0.017338,0.548917
24,14,2.509677,0.561290,606.912229,2.783126,3.147812,9.746148,1.679490,0.016059,0.533542
24,15,2.509677,0.587097,572.729579,2.757950,3.130855,8.511279,1.620438,0.014861,0.517570
24,16,2.509677,0.612903,539.865766,2.732286,3.113490,7.420335,1.559999,0.013745,0.501045
24,17,2.509677,0.638710,508.364318,2.706175,3.095739,6.460552,1.498365,0.012709,0.484009
24,18,2.509677,0.664516,478.249118,2.679654,3.077622,5.619018,1.435728,0.011749,0.466506
24,19,2.509677,0.690323,449.528648,2.652757,3.059156,4.883216,1.372284,0.010863,0.448583
24,20,2.509677,0.716129,422.199332,2.625518,3.040360,4.241352,1.308244,0.010046,0.430293
24,21,2.509677,0.741935,396.248056,2.597967,3.021252,3.682531,1.243837,0.009293,0.411696
24,22,2.509677,0.767742,371.654006,2.570139,3.001849,3.196819,1.179308,0.008602,0.392860
24,23,2.509677,0.793548,348.390017,2.542066,2.982170,2.775245,1.114923,0.007966,0.373863
24,24,2.509677,0.819355,326.423603,2.513782,2.962235,2.409767,1.050964,0.007382,0.354788
24,25,2.509677,0.845161,305.717796,2.485321,2.942064,2.093212,0.987723,0.006847,0.335724
24,26,2.509677,0.870968,286.231866,2.456718,2.921678,1.819214,0.925494,0.006356,0.316768
24,27,2.509677,0.896774,267.921993,2.428008,2.901100,1.582151,0.864571,0.005905,0.298015
24,28,2.509677,0.922581,250.741893,2.399227,2.880351,1.377080,0.805235,0.005492,0.279561
24,29,2.509677,0.948387,234.643424,2.370408,2.859455,1.199672,0.747746,0.005113,0.261500
24,30,2.509677,0.974194,219.577161,2.341587,2.838433,1.046155,0.692344,0.004764,0.243918
24,31,2.509677,1.000000,205.492933,2.312797,2.817310,0.913250,0.639234,0.004444,0.226895
25,0,2.522581,0.200000,1796.469420,3.254420,3.452053,194.815442,2.800216,0.108444,0.811174
25,1,2.522581,0.225806,1756.215547,3.244578,3.445937,181.200064,2.776872,0.103176,0.805839
25,2,2.522581,0.251613,1711.813727,3.233457,3.439015,166.360292,2.749143,0.097184,0.799398
25,3,2.522581,0.277419,1661.579117,3.220521,3.430948,150.237934,2.715774,0.090419,0.791552
25,4,2.522581,0.303226,1606.162840,3.205790,3.421741,133.780970,2.677407,0.083292,0.782469
25,5,2.522581,0.329032,1546.905529,3.189464,3.411513,117.880704,2.635078,0.076204,0.772407
25,6,2.522581,0.354839,1485.084716,3.171751,3.400385,103.099944,2.589693,0.069424,0.761588
25,7,2.522581,0.380645,1421.686714,3.152804,3.388447,89.703353,2.541907,0.063096,0.750169
25,8,2.522581,0.406452,1357.422149,3.132715,3.375750,77.753551,2.492133,0.057280,0.738246
25,9,2.522581,0.432258,1292.817851,3.111537,3.362320,67.197632,2.440591,0.051978,0.725865
25,10,2.522581,0.458065,1228.304511,3.089306,3.348171,57.928287,2.387362,0.047161,0.713035
25,11,2.522581,0.483871,1164.272826,3.066055,3.333318,49.820928,2.332452,0.042791,0.699739
25,12,2.522581,0.509677,1101.097582,3.041826,3.317780,42.752782,2.275838,0.038827,0.685952
25,13,2.522581,0.535484,1039.139123,3.016674,3.301583,36.610386,2.217508,0.035231,0.671650
25,14,2.522581,0.561290,978.733121,2.990664,3.284762,31.290852,2.157477,0.031971,0.656814
25,15,2.522581,0.587097,920.177292,2.963872,3.267357,26.700641,2.095796,0.029017,0.641435
25,16,2.522581,0.612903,863.720515,2.936373,3.249411,22.753992,2.032548,0.026344,0.625513
25,17,2.522581,0.638710,809.556834,2.908247,3.230967,19.371918,1.967834,0.023929,0.609054
25,18,2.522581,0.664516,757.824632,2.879569,3.212069,16.481871,1.901763,0.021749,0.592068
25,19,2.522581,0.690323,708.610027,2.850407,3.192755,14.017829,1.834448,0.019782,0.574566
25,20,2.522581,0.716129,661.952996,2.820827,3.173062,11.920482,1.765996,0.018008,0.556559
25,21,2.522581,0.741935,617.854800,2.790886,3.153024,10.137285,1.696514,0.016407,0.538060
25,22,2.522581,0.767742,576.285575,2.760638,3.132669,8.622288,1.626114,0.014962,0.519083
25,23,2.522581,0.793548,537.191367,2.730129,3.112027,7.335730,1.554918,0.013656,0.499648
25,24,2.522581,0.819355,500.500220,2.699404,3.091122,6.243473,1.483072,0.012474,0.479784
25,25,2.522581,0.845161,466.127212,2.668504,3.069978,5.316354,1.410747,0.011405,0.459530
25,26,2.522581,0.870968,433.978489,2.637468,3.048618,4.529531,1.338151,0.010437,0.438937
25,27,2.522581,0.896774,403.954416,2.606332,3.027064,3.861862,1.265527,0.009560,0.418071
25,28,2.522581,0.922581,375.952019,2.575132,3.005338,3.295354,1.193152,0.008765,0.397011
25,29,2.522581,0.948387,349.866858,2.543903,2.983461,2.814692,1.121337,0.008045,0.375851
25,30,2.522581,0.974194,325.594468,2.512677,2.961454,2.406836,1.050415,0.007392,0.354696
25,31,2.522581,1.000000,303.031468,2.481488,2.939339,2.060681,0.980733,0.006800,0.333658
26,0,2.535484,0.200000,5171.891449,3.713649,3.727595,1546.085417,3.411368,0.298940,0.915166
26,1,2.535484,0.225806,4523.408130,3.655466,3.693690,1248.807803,3.352752,0.276077,0.907697
26,2,2.535484,0.251613,4008.190512,3.602948,3.662848,1011.668026,3.294067,0.252400,0.899319
26,3,2.535484,0.277419,3579.510979,3.553824,3.633789,813.984603,3.232524,0.227401,0.889574
26,4,2.535484,0.303226,3227.145718,3.508819,3.606985,657.437992,3.171078,0.203721,0.879149
26,5,2.535484,0.329032,2939.354620,3.468252,3.582674,537.799839,3.112361,0.182965,0.868726
26,6,2.535484,0.354839,2701.223505,3.431561,3.560559,446.129667,3.056887,0.165158,0.858541
26,7,2.535484,0.380645,2499.319299,3.397822,3.540118,373.969888,3.003734,0.149629,0.848484
26,8,2.535484,0.406452,2323.591813,3.366160,3.520839,315.327388,2.951604,0.135707,0.838324
26,9,2.535484,0.432258,2167.117849,3.335883,3.502318,266.467679,2.899401,0.122959,0.827852
26,10,2.535484,0.458065,2025.234261,3.306475,3.484246,225.137533,2.846369,0.111166,0.816926
26,11,2.535484,0.483871,1894.769045,3.277556,3.466394,189.918228,2.792030,0.100233,0.805457
26,12,2.535484,0.509677,1773.521196,3.248836,3.448585,159.833926,2.736080,0.090122,0.793392
26,13,2.535484,0.535484,1659.942553,3.220093,3.430681,134.148336,2.678319,0.080815,0.780696
26,14,2.535484,0.561290,1552.945063,3.191156,3.412574,112.266339,2.618615,0.072293,0.767343
26,15,2.535484,0.587097,1451.776466,3.161900,3.394183,93.685931,2.556891,0.064532,0.753316
26,16,2.535484,0.612903,1355.931332,3.132238,3.375448,77.972490,2.493119,0.057505,0.738604
26,17,2.535484,0.638710,1265.081266,3.102118,3.356331,64.743247,2.427323,0.051177,0.723207
26,18,2.535484,0.664516,1179.017766,3.071520,3.336815,53.657333,2.359577,0.045510,0.707134
26,19,2.535484,0.690323,1097.605788,3.040446,3.316893,44.409594,2.289992,0.040460,0.690403
26,20,2.535484,0.716129,1020.747624,3.008918,3.296575,36.727067,2.218714,0.035981,0.673036
26,21,2.535484,0.741935,948.356703,2.976972,3.275877,30.367100,2.145905,0.032021,0.655063
26,22,2.535484,0.767742,880.340392,2.944651,3.254822,25.116203,2.071732,0.028530,0.636512
26,23,2.535484,0.793548,816.590341,2.912004,3.233436,20.788916,1.996359,0.025458,0.617411
26,24,2.535484,0.819355,756.978597,2.879084,3.211748,17.226281,1.919937,0.022757,0.597786
26,25,2.535484,0.845161,701.357726,2.845940,3.189787,14.293812,1.842610,0.020380,0.577659
26,26,2.535484,0.870968,649.563392,2.812622,3.167581,11.879028,1.764513,0.018288,0.557054
26,27,2.535484,0.896774,601.418162,2.779177,3.145157,9.888744,1.685781,0.016442,0.535993
26,28,2.535484,0.922581,556.735693,2.745649,3.122542,8.246314,1.606559,0.014812,0.514503
26,29,2.535484,0.948387,515.324729,2.712081,3.099761,6.889006,1.527009,0.013368,0.492622
26,30,2.535484,0.974194,476.992636,2.678512,3.076839,5.765617,1.447324,0.012087,0.470393
26,31,2.535484,1.000000,441.548322,2.644978,3.053798,4.834397,1.367728,0.010949,0.447878
27,0,2.548387,0.200000,384008.238506,5.584341,4.699805,352352.818601,4.682205,0.917566,0.996255
27,1,2.548387,0.225806,104977.910318,5.021098,4.427668,90063.936273,4.394494,0.857932,0.992508
27,2,2.548387,0.251613,40574.736180,4.608256,4.218024,30407.200413,4.152503,0.749412,0.984466
27,3,2.548387,0.277419,21252.990479,4.327420,4.069817,13176.319933,3.957028,0.619975,0.972286
27,4,2.548387,0.303226,13741.739390,4.138042,3.967057,7003.705504,3.803335,0.509667,0.958730
27,5,2.548387,0.329032,10073.218206,4.003168,3.892386,4358.961855,3.684269,0.432728,0.946532
27,6,2.548387,0.354839,7911.313095,3.898249,3.833398,3007.680303,3.588668,0.380175,0.936159
27,7,2.548387,0.380645,6459.999779,3.810233,3.783281,2192.356016,3.505400,0.339374,0.926550
27,8,2.548387,0.406452,5412.665829,3.733411,3.739049,1642.003017,3.427734,0.303363,0.916740
27,9,2.548387,0.432258,4628.674975,3.665457,3.699531,1250.181298,3.353056,0.270095,0.906346
27,10,2.548387,0.458065,4027.644824,3.605051,3.664087,964.774714,3.280716,0.239538,0.895371
27,11,2.548387,0.483871,3556.313568,3.551000,3.632112,753.855145,3.210562,0.211977,0.883938
27,12,2.548387,0.509677,3177.628712,3.502103,3.602971,595.734823,3.142383,0.187478,0.872164
27,13,2.548387,0.535484,2865.740213,3.457237,3.576048,475.356813,3.075817,0.165876,0.860116
27,14,2.548387,0.561290,2602.719843,3.415427,3.550797,382.271765,3.010391,0.146874,0.847807
27,15,2.548387,0.587097,2376.163247,3.375876,3.526765,309.227013,2.945585,0.130137,0.835209
27,16,2.548387,0.612903,2177.461437,3.337950,3.503585,251.163742,2.880879,0.115347,0.822266
27,17,2.548387,0.638710,2000.593844,3.301159,3.480970,204.519170,2.815791,0.102229,0.808910
27,18,2.548387,0.664516,1841.305145,3.265126,3.458695,166.747959,2.749901,0.090560,0.795069
27,19,2.548387,0.690323,1696.550539,3.229567,3.436591,135.996501,2.682864,0.080161,0.780676
27,20,2.548387,0.716129,1564.122179,3.194271,3.414527,110.882825,2.614419,0.070891,0.765675
27,21,2.548387,0.741935,1442.395224,3.159084,3.392408,90.349304,2.544386,0.062638,0.750024
27,22,2.548387,0.767742,1330.152420,3.123901,3.370166,73.565202,2.472662,0.055306,0.733692
27,23,2.548387,0.793548,1226.460793,3.088654,3.347755,59.862856,2.399212,0.048809,0.716663
27,24,2.548387,0.819355,1130.583960,3.053303,3.325148,48.696137,2.324060,0.043072,0.698934
27,25,2.548387,0.845161,1041.919654,3.017834,3.302332,39.613214,2.247274,0.038019,0.680511
27,26,2.548387,0.870968,959.955734,2.982251,3.279305,32.238254,2.168959,0.033583,0.661408
27,27,2.548387,0.896774,884.239967,2.946570,3.256075,26.258471,2.089243,0.029696,0.641645
27,28,2.548387,0.922581,814.360067,2.910816,3.232656,21.414311,2.008272,0.026296,0.621245
27,29,2.548387,0.948387,749.931221,2.875021,3.209064,17.491470,1.926203,0.023324,0.600238
27,30,2.548387,0.974194,690.588872,2.839220,3.185319,14.314053,1.843202,0.020727,0.578655
27,31,2.548387,1.000000,635.985020,2.803447,3.161443,11.738546,1.759445,0.018457,0.556532
28,0,2.561290,0.200000,2233420043.281412,9.348970,6.236404,2116831784.607334,6.228008,0.947798,0.998654
28,1,2.561290,0.225806,169989077.111006,8.230421,5.820058,160842684.792572,5.810807,0.946194,0.998410
28,2,2.561290,0.251613,19061081.821215,7.280148,5.442755,17933776.024023,5.431889,0.940858,0.998004
28,3,2.561290,0.277419,3022002.878431,6.480295,5.104936,2795310.751574,5.090170,0.924986,0.997108
28,4,2.561290,0.303226,684993.274357,5.835686,4.816652,608116.100783,4.792834,0.887769,0.995055
28,5,2.561290,0.329032,215993.485908,5.334441,4.580902,177466.865484,4.539648,0.821631,0.990994
28,6,2.561290,0.354839,89869.384208,4.953612,4.394024,65805.386188,4.325827,0.732234,0.984479
28,7,2.561290,0.380645,46408.541064,4.666598,4.248223,29593.478257,4.146293,0.637673,0.976007
28,8,2.561290,0.406452,28017.367689,4.447427,4.133739,15548.202196,3.996404,0.554949,0.966777
28,9,2.561290,0.432258,18812.093240,4.274437,4.041305,9213.497632,3.870697,0.489765,0.957784
28,10,2.561290,0.458065,13558.923224,4.132225,3.963863,5945.855517,3.762600,0.438520,0.949226
28,11,2.561290,0.483871,10263.778021,4.011307,3.896928,4057.850527,3.665999,0.395356,0.940741
28,12,2.561290,0.509677,8060.806725,3.906379,3.837998,2872.027184,3.576620,0.356295,0.931898
28,13,2.561290,0.535484,6522.673718,3.814426,3.785682,2085.113852,3.492032,0.319672,0.922432
28,14,2.561290,0.561290,5412.796543,3.733422,3.739055,1543.670259,3.410943,0.285189,0.912247
28,15,2.561290,0.587097,4588.668117,3.661687,3.697328,1161.219496,3.332588,0.253062,0.901350
28,16,2.561290,0.612903,3959.835102,3.597677,3.659739,885.285534,3.256411,0.223566,0.889793
28,17,2.561290,0.638710,3467.090589,3.539965,3.625554,682.550626,3.181934,0.196866,0.877641
28,18,2.561290,0.664516,3070.926513,3.487269,3.594089,531.214408,3.108729,0.172982,0.864956
28,19,2.561290,0.690323,2744.619906,3.438482,3.564740,416.665663,3.036394,0.151812,0.851786
28,20,2.561290,0.716129,2469.900694,3.392679,3.536993,328.900614,2.964554,0.133163,0.838157
28,21,2.561290,0.741935,2234.156869,3.349114,3.510422,260.939154,2.892846,0.116795,0.824074
28,22,2.561290,0.767742,2028.594893,3.307195,3.484689,207.830351,2.820923,0.102450,0.809519
28,23,2.561290,0.793548,1847.012801,3.266470,3.459529,166.011263,2.748459,0.089881,0.794460
28,24,2.561290,0.819355,1684.975688,3.226594,3.434737,132.882001,2.675164,0.078863,0.778856
28,25,2.561290,0.845161,1539.259228,3.187312,3.410163,106.517861,2.600796,0.069201,0.762660
28,26,2.561290,0.870968,1407.472780,3.148440,3.385693,85.471866,2.525163,0.060727,0.745834
28,27,2.561290,0.896774,1287.802987,3.109849,3.361247,68.638825,2.448134,0.053299,0.728341
28,28,2.561290,0.922581,1178.838429,3.071454,3.336772,55.161743,2.369634,0.046793,0.710157
28,29,2.561290,0.948387,1079.449142,3.033202,3.312234,44.367312,2.289638,0.041102,0.691267
28,30,2.561290,0.974194,988.703703,2.995066,3.287614,35.721105,2.208172,0.036129,0.671664
28,31,2.561290,1.000000,905.812296,2.957038,3.262905,28.795961,2.125300,0.031790,0.651352
29,0,2.574194,0.200000,358499127679341.125000,14.554488,7.900604,339957088151070.437500,7.895714,0.948279,0.999381
29,1,2.574194,0.225806,4049230402905.512695,12.607372,7.320573,3839349665530.838867,7.313404,0.948168,0.999021
29,2,2.574194,0.251613,104607266661.450165,11.019562,6.812983,99130653633.353836,6.805245,0.947646,0.998864
29,3,2.574194,0.277419,4990811913.624610,9.698171,6.361058,4721772998.982100,6.352543,0.946093,0.998661
29,4,2.574194,0.303226,382703904.895470,8.582863,5.954230,360381527.026521,5.944393,0.941672,0.998348
29,5,2.574194,0.329032,44575914.359523,7.649100,5.592102,41471806.143834,5.579560,0.930364,0.997757
29,6,2.574194,0.354839,7616332.273832,6.881746,5.277027,6900555.256484,5.258905,0.906021,0.996566
29,7,2.574194,0.380645,1821053.232320,6.260323,5.008299,1571387.455092,4.979837,0.862900,0.994317
29,8,2.574194,0.406452,578258.845717,5.762122,4.782727,462739.747755,4.737750,0.800229,0.990596
29,9,2.574194,0.432258,231675.090758,5.364879,4.595537,167942.681483,4.528003,0.724906,0.985305
29,10,2.574194,0.458065,111551.616353,5.047476,4.440755,72338.239248,4.346642,0.648473,0.978807
29,11,2.574194,0.483871,61773.274092,4.790801,4.311870,35855.407091,4.190052,0.580436,0.971748
29,12,2.574194,0.509677,37928.361092,4.578964,4.202788,19878.790573,4.054218,0.524114,0.964650
29,13,2.574194,0.535484,25121.919182,4.400053,4.108613,11999.527303,3.934616,0.477652,0.957651
29,14,2.574194,0.561290,17618.307048,4.245964,4.025908,7706.471238,3.826944,0.437413,0.950579
29,15,2.574194,0.587097,12927.896505,4.111528,3.952478,5176.753641,3.727832,0.400433,0.943163
29,16,2.574194,0.612903,9849.788959,3.993427,3.886943,3596.238246,3.634990,0.365108,0.935180
29,17,2.574194,0.638710,7750.379665,3.889323,3.828342,2564.698571,3.546924,0.330913,0.926491
29,18,2.574194,0.664516,6270.780770,3.797322,3.775879,1868.193992,3.462597,0.297920,0.917031
29,19,2.574194,0.690323,5196.618992,3.715721,3.728797,1384.637130,3.381204,0.266450,0.906781
29,20,2.574194,0.716129,4394.703494,3.642930,3.686348,1040.919892,3.302063,0.236858,0.895754
29,21,2.574194,0.741935,3779.763442,3.577465,3.647799,791.641384,3.224574,0.209442,0.883978
29,22,2.574194,0.767742,3295.900988,3.517974,3.612452,607.749812,3.148215,0.184396,0.871490
29,23,2.574194,0.793548,2905.770663,3.463261,3.579673,470.147698,3.072537,0.161798,0.858329
29,24,2.574194,0.819355,2584.035030,3.412298,3.548901,365.959549,2.997158,0.141623,0.844531
29,25,2.574194,0.845161,2313.282539,3.364229,3.519661,286.297243,2.921749,0.123762,0.830122
29,26,2.574194,0.870968,2081.411213,3.318358,3.491558,224.893182,2.846025,0.108048,0.815116
29,27,2.574194,0.896774,1879.913351,3.274138,3.464278,177.245335,2.769732,0.094284,0.799512
29,28,2.574194,0.922581,1702.731532,3.231146,3.437576,140.068715,2.692646,0.082261,0.783298
29,29,2.574194,0.948387,1545.486959,3.189065,3.411263,110.933718,2.614575,0.071779,0.766454
29,30,2.574194,0.974194,1404.955538,3.147663,3.385202,88.021558,2.535358,0.062651,0.748953
29,31,2.574194,1.000000,1278.710986,3.106772,3.359291,69.955479,2.454875,0.054708,0.730772
30,0,2.587097,0.200000,3544971503511398252544.000000,21.549613,inf,3361684717593270157312.000000,inf,0.948297,nan
30,1,2.587097,0.225806,1795800563188744704.000000,18.254258,inf,1702918969723275264.000000,inf,0.948278,nan
30,2,2.587097,0.251613,5732377409978214.000000,15.758335,8.209536,5435560500540702.000000,8.209536,0.948221,1.000000
30,3,2.587097,0.277419,56266282416320.828125,13.750248,7.665861,53336274387639.726562,7.658835,0.947926,0.999083
30,4,2.587097,0.303226,1222035008544.432373,12.087084,7.158047,1157380951078.060791,7.150603,0.947093,0.998960
30,5,2.587097,0.329032,48720148158.714096,10.687709,6.702236,46036430094.600609,6.693954,0.944916,0.998764
30,6,2.587097,0.354839,3197690372.738559,9.504836,6.292335,3004364966.902421,6.282650,0.939542,0.998461
30,7,2.587097,0.380645,325100178.831509,8.512017,5.927491,301592568.440349,5.915150,0.927691,0.997918
30,8,2.587097,0.406452,48490391.040787,7.685656,5.606695,43884648.103127,5.589389,0.905017,0.996913
30,9,2.587097,0.432258,10042462.972725,7.001840,5.327494,8714227.532005,5.301659,0.867738,0.995151
30,10,2.587097,0.458065,2742829.409422,6.438199,5.086575,2235777.580504,5.047653,0.815135,0.992348
30,11,2.587097,0.483871,942997.774930,5.974511,4.880077,708368.306610,4.823347,0.751188,0.988375
30,12,2.587097,0.509677,391225.281895,5.592427,4.703606,267383.283556,4.625335,0.683451,0.983359
30,13,2.587097,0.535484,188549.140988,5.275425,4.552404,116811.949830,4.450660,0.619531,0.977650
30,14,2.587097,0.561290,102147.257729,5.009227,4.421767,57594.261635,4.296360,0.563836,0.971639
30,15,2.587097,0.587097,60574.655073,4.782291,4.307537,31307.852795,4.159175,0.516847,0.965558
30,16,2.587097,0.612903,38542.920395,4.585945,4.206423,18369.695716,4.035723,0.476604,0.959419
30,17,2.587097,0.638710,25945.033411,4.414054,4.116053,11431.696045,3.922958,0.440612,0.953087
30,18,2.587097,0.664516,18297.824746,4.262399,4.034802,7446.667935,3.818491,0.406970,0.946389
30,19,2.587097,0.690323,13427.933765,4.128009,3.961546,5030.321956,3.720594,0.374616,0.939177
30,20,2.587097,0.716129,10200.857547,4.008637,3.895438,3500.385329,3.628022,0.343146,0.931351
30,21,2.587097,0.741935,7987.736010,3.902424,3.835761,2496.535259,3.539823,0.312546,0.922848
30,22,2.587097,0.767742,6422.741278,3.807720,3.781841,1817.563090,3.455200,0.282989,0.913629
30,23,2.587097,0.793548,5284.511726,3.723005,3.733021,1346.027439,3.373431,0.254712,0.903673
30,24,2.587097,0.819355,4434.614777,3.646856,3.688649,1010.882803,3.293849,0.227953,0.892969
30,25,2.587097,0.845161,3784.006382,3.577952,3.648087,767.831632,3.215831,0.202915,0.881512
30,26,2.587097,0.870968,3274.007778,3.515080,3.610725,588.501251,3.138811,0.179749,0.869302
30,27,2.587097,0.896774,2865.147339,3.457147,3.575993,454.258524,3.062283,0.158546,0.856345
30,28,2.587097,0.922581,2530.415123,3.403192,3.543378,352.569911,2.985809,0.139333,0.842645
30,29,2.587097,0.948387,2251.066487,3.352388,3.512425,274.807572,2.909013,0.122079,0.828206
30,30,2.587097,0.974194,2013.938210,3.304046,3.482749,214.899687,2.831586,0.106706,0.813032
30,31,2.587097,1.000000,1809.687115,3.257603,3.454030,168.484396,2.753274,0.093101,0.797119
31,0,2.600000,0.200000,1002835386598240338420372078592.000000,30.001230,inf,951285488680821039197881106432.000000,inf,0.948596,nan
31,1,2.600000,0.225806,23416536496750988101681152.000000,25.369523,inf,22205299335680807116210176.000000,inf,0.948274,nan
31,2,2.600000,0.251613,3775353817523846905856.000000,21.576958,inf,3580168851152170385408.000000,inf,0.948300,nan
31,3,2.600000,0.277419,4486079869912735744.000000,18.651867,inf,4253872928067499008.000000,inf,0.948238,nan
31,4,2.600000,0.303226,19668593280865076.000000,16.293773,inf,18646419076784116.000000,inf,0.948030,nan
31,5,2.600000,0.329032,217875243492192.812500,14.338208,7.838712,206427554855477.000000,7.829838,0.947458,0.998868
31,6,2.600000,0.354839,4909270180473.894531,12.691017,7.346328,4644393367208.500000,7.338952,0.946046,0.998996
31,7,2.600000,0.380645,196105992290.770691,11.292491,6.902786,184871671812.117950,6.894404,0.942713,0.998786
31,8,2.600000,0.406452,12774983919.629871,10.106360,6.503873,11950508691.949648,6.493835,0.935462,0.998457
31,9,2.600000,0.432258,1272238476.197783,9.104569,6.147726,1172171650.381823,6.134715,0.921346,0.997884
31,10,2.600000,0.458065,182440738.316901,8.261122,5.831862,163659373.543574,5.813712,0.897055,0.996888
31,11,2.600000,0.483871,35670627.889819,7.552311,5.553290,30684870.176392,5.526924,0.860228,0.995252
31,12,2.600000,0.509677,9062973.080774,6.957271,5.308817,7350303.722573,5.270505,0.811026,0.992783
31,13,2.600000,0.535484,2868708.580780,6.457686,5.095083,2159812.360108,5.041042,0.752887,0.989394
31,14,2.600000,0.561290,1089595.044458,6.037265,4.908497,753540.789400,4.835657,0.691579,0.985160
31,15,2.600000,0.587097,480289.891341,5.681503,4.745291,303975.937121,4.651849,0.632901,0.980308
31,16,2.600000,0.612903,238677.520625,5.377812,4.601741,138562.587523,4.487189,0.580543,0.975107
31,17,2.600000,0.638710,130542.764326,5.115753,4.474466,69892.446639,4.339088,0.535399,0.969745
31,18,2.600000,0.664516,77113.733849,4.887132,4.360650,38274.470496,4.204843,0.496338,0.964270
31,19,2.600000,0.690323,48507.838525,4.685812,4.258126,22385.879618,4.081900,0.461490,0.958614
31,20,2.600000,0.716129,32160.282910,4.507320,4.165308,13802.791762,3.968113,0.429188,0.952658
31,21,2.600000,0.741935,22303.596185,4.348375,4.081044,8884.291228,3.861820,0.398334,0.946282
31,22,2.600000,0.767742,16086.892121,4.206472,4.004463,5926.153062,3.761770,0.368384,0.939394
31,23,2.600000,0.793548,12011.001308,4.079579,3.934846,4073.786585,3.667001,0.339171,0.931930
31,24,2.600000,0.819355,9245.855322,3.965947,3.871551,2873.122404,3.576720,0.310747,0.923847
31,25,2.600000,0.845161,7311.497609,3.864006,3.813970,2071.053460,3.490226,0.283260,0.915116
31,26,2.600000,0.870968,5919.920491,3.772316,3.761507,1520.748522,3.406864,0.256887,0.905718
31,27,2.600000,0.896774,4892.608556,3.689540,3.713580,1134.091952,3.326011,0.231797,0.895635
31,28,2.600000,0.922581,4115.691759,3.614443,3.669618,856.618116,3.247064,0.208135,0.884851
31,29,2.600000,0.948387,3514.656705,3.545883,3.629072,653.759141,3.169450,0.186009,0.873350
31,30,2.600000,0.974194,3039.629378,3.482821,3.591421,503.039313,3.092621,0.165494,0.861113
31,31,2.600000,1.000000,2656.562823,3.424320,3.556181,389.513160,3.016071,0.146623,0.848121
